time,open,high,low,close
2026-01-05 00:00:00+00:00,100.0,101.1031,99.9012,100.9674
2026-01-06 00:00:00+00:00,100.9674,101.6689,100.7265,101.3596
2026-01-07 00:00:00+00:00,101.3596,102.2522,101.2768,102.1911
2026-01-08 00:00:00+00:00,102.1911,103.2793,101.8905,103.0329
2026-01-09 00:00:00+00:00,103.0329,104.1609,102.8257,103.9641
2026-01-10 00:00:00+00:00,103.9641,104.8687,103.6485,104.5145
2026-01-11 00:00:00+00:00,104.5145,105.1561,104.3672,104.9582
2026-01-12 00:00:00+00:00,104.9582,105.7692,104.8724,105.4519
2026-01-13 00:00:00+00:00,105.4519,106.2695,105.2816,106.0939
2026-01-14 00:00:00+00:00,106.0939,106.6972,105.8831,106.6319
2026-01-15 00:00:00+00:00,106.6319,107.1555,106.3619,107.0029
2026-01-16 00:00:00+00:00,107.0029,108.2763,106.8856,108.0998
2026-01-17 00:00:00+00:00,108.0998,108.7438,107.7792,108.4624
2026-01-18 00:00:00+00:00,108.4624,109.9984,108.1091,109.6491
2026-01-19 00:00:00+00:00,109.6491,110.4999,109.3071,110.2912
2026-01-20 00:00:00+00:00,110.2912,110.9119,110.0066,110.7376
2026-01-21 00:00:00+00:00,110.7376,111.846,110.6019,111.6091
2026-01-22 00:00:00+00:00,111.6091,112.5,111.2352,112.3251
2026-01-23 00:00:00+00:00,112.3251,113.3713,112.1616,113.2444
2026-01-24 00:00:00+00:00,113.2444,114.3055,112.9068,114.2359
2026-01-25 00:00:00+00:00,114.2359,115.4509,114.1627,115.2605
2026-01-26 00:00:00+00:00,115.2605,116.6308,114.9592,116.3823
2026-01-27 00:00:00+00:00,116.3823,117.0984,116.0226,116.8736
2026-01-28 00:00:00+00:00,116.8736,117.01,116.0888,116.3353
2026-01-29 00:00:00+00:00,116.3353,116.5899,115.4345,115.7988
2026-01-30 00:00:00+00:00,115.7988,115.9255,114.7402,115.1393
2026-01-31 00:00:00+00:00,115.1393,115.2211,114.3143,114.3807
2026-02-01 00:00:00+00:00,114.3807,115.5727,114.183,115.2455
2026-02-02 00:00:00+00:00,115.2455,115.7862,114.8468,115.6026
2026-02-03 00:00:00+00:00,115.6026,116.7687,115.2514,116.3788
2026-02-04 00:00:00+00:00,116.3788,116.9914,116.0902,116.6892
2026-02-05 00:00:00+00:00,116.6892,116.8419,115.9776,116.083
2026-02-06 00:00:00+00:00,116.083,116.3857,115.4782,115.7801
2026-02-07 00:00:00+00:00,115.7801,116.0968,114.3777,114.6054
2026-02-08 00:00:00+00:00,114.6054,114.9,113.865,114.2096
2026-02-09 00:00:00+00:00,114.2096,114.3292,113.2718,113.4527
2026-02-10 00:00:00+00:00,113.4527,113.8364,112.6345,113.0073
2026-02-11 00:00:00+00:00,113.0073,113.267,111.6597,111.8807
2026-02-12 00:00:00+00:00,111.8807,112.0577,111.0851,111.48
2026-02-13 00:00:00+00:00,111.48,111.8373,110.7464,111.1279
2026-02-14 00:00:00+00:00,111.1279,111.348,110.6766,110.7508
2026-02-15 00:00:00+00:00,110.7508,111.0688,109.6713,109.7662
2026-02-16 00:00:00+00:00,109.7662,110.0087,108.8957,109.0385
2026-02-17 00:00:00+00:00,109.0385,109.3528,107.611,107.9025
2026-02-18 00:00:00+00:00,107.9025,108.0921,106.6757,106.9608
2026-02-19 00:00:00+00:00,106.9608,107.3257,106.1167,106.3247
2026-02-20 00:00:00+00:00,106.3247,106.3971,105.7442,105.8016
2026-02-21 00:00:00+00:00,105.8016,106.3747,105.5307,106.2998
2026-02-22 00:00:00+00:00,106.2998,107.1728,105.9489,106.8059
2026-02-23 00:00:00+00:00,106.8059,107.3029,106.5217,107.1696
2026-02-24 00:00:00+00:00,107.1696,107.7587,106.7922,107.6624
2026-02-25 00:00:00+00:00,107.6624,108.7,107.3378,108.4764
2026-02-26 00:00:00+00:00,108.4764,109.6198,108.3925,109.5031
2026-02-27 00:00:00+00:00,109.5031,110.3893,109.2897,110.1911
2026-02-28 00:00:00+00:00,110.1911,111.3553,110.1199,111.0792
2026-03-01 00:00:00+00:00,111.0792,112.3648,110.9909,112.0346
2026-03-02 00:00:00+00:00,112.0346,112.7447,111.9355,112.507
2026-03-03 00:00:00+00:00,112.507,113.1841,112.1509,112.9721
2026-03-04 00:00:00+00:00,112.9721,113.6728,112.6226,113.34
2026-03-05 00:00:00+00:00,113.34,114.0064,113.1008,113.7281
2026-03-06 00:00:00+00:00,113.7281,114.124,113.4144,114.0414
2026-03-07 00:00:00+00:00,114.0414,114.7464,113.8229,114.5541
2026-03-08 00:00:00+00:00,114.5541,114.6049,113.9193,114.106
2026-03-09 00:00:00+00:00,114.106,114.4308,112.8223,112.9721
2026-03-10 00:00:00+00:00,112.9721,113.2778,111.721,112.0452
2026-03-11 00:00:00+00:00,112.0452,112.1714,111.5038,111.5743
2026-03-12 00:00:00+00:00,111.5743,111.6456,110.4523,110.6121
2026-03-13 00:00:00+00:00,110.6121,110.829,109.8952,110.267
2026-03-14 00:00:00+00:00,110.267,110.3,109.2612,109.4889
2026-03-15 00:00:00+00:00,109.4889,110.6108,109.3566,110.3245
2026-03-16 00:00:00+00:00,110.3245,111.094,110.1883,110.7324
2026-03-17 00:00:00+00:00,110.7324,111.8342,110.5356,111.5674
2026-03-18 00:00:00+00:00,111.5674,111.8681,110.9501,111.0836
2026-03-19 00:00:00+00:00,111.0836,111.3687,110.2724,110.4274
2026-03-20 00:00:00+00:00,110.4274,110.7406,109.7675,109.8428
2026-03-21 00:00:00+00:00,109.8428,110.2423,108.7318,109.1304
2026-03-22 00:00:00+00:00,109.1304,109.255,108.6216,108.7645
2026-03-23 00:00:00+00:00,108.7645,108.9438,107.5679,107.6731
2026-03-24 00:00:00+00:00,107.6731,107.9693,106.3587,106.6227
2026-03-25 00:00:00+00:00,106.6227,106.9016,105.3815,105.4342
2026-03-26 00:00:00+00:00,105.4342,105.7916,104.8984,105.041
2026-03-27 00:00:00+00:00,105.041,105.3508,103.8359,103.9403
2026-03-28 00:00:00+00:00,103.9403,104.064,103.2167,103.3867
2026-03-29 00:00:00+00:00,103.3867,103.7352,102.241,102.4679
2026-03-30 00:00:00+00:00,102.4679,102.8358,101.8741,101.9419
2026-03-31 00:00:00+00:00,101.9419,102.3,101.0056,101.0711
2026-04-01 00:00:00+00:00,101.0711,101.1669,100.0779,100.4709
2026-04-02 00:00:00+00:00,100.4709,100.6755,99.7285,100.0254
2026-04-03 00:00:00+00:00,100.0254,100.7522,99.6591,100.3932
2026-04-04 00:00:00+00:00,100.3932,101.5263,100.1393,101.1842
2026-04-05 00:00:00+00:00,101.1842,101.7121,101.0263,101.6175
2026-04-06 00:00:00+00:00,101.6175,102.2439,101.5315,102.1065
2026-04-07 00:00:00+00:00,102.1065,103.4681,101.9143,103.1086
2026-04-08 00:00:00+00:00,103.1086,104.0713,102.7332,103.9672
2026-04-09 00:00:00+00:00,103.9672,105.4371,103.6335,105.0454
2026-04-10 00:00:00+00:00,105.0454,106.1973,104.7376,106.1387
2026-04-11 00:00:00+00:00,106.1387,106.4911,104.7829,105.1167
2026-04-12 00:00:00+00:00,105.1167,105.4422,104.4887,104.5765
2026-04-13 00:00:00+00:00,104.5765,104.927,103.3637,103.4916
2026-04-14 00:00:00+00:00,103.4916,103.7027,102.2998,102.4566
2026-04-15 00:00:00+00:00,102.4566,102.5863,101.3826,101.4408
2026-04-16 00:00:00+00:00,101.4408,101.6057,100.6145,100.967
2026-04-17 00:00:00+00:00,100.967,101.2,99.6963,100.0897
2026-04-18 00:00:00+00:00,100.0897,100.4684,99.2167,99.3071
2026-04-19 00:00:00+00:00,99.3071,99.4196,97.7468,98.1337
2026-04-20 00:00:00+00:00,98.1337,98.2217,97.3927,97.5948
2026-04-21 00:00:00+00:00,97.5948,97.7546,96.377,96.6391
2026-04-22 00:00:00+00:00,96.6391,97.8652,96.5736,97.7487
2026-04-23 00:00:00+00:00,97.7487,98.6731,97.4164,98.4411
2026-04-24 00:00:00+00:00,98.4411,99.7384,98.1332,99.3593
2026-04-25 00:00:00+00:00,99.3593,100.0376,98.9772,99.8366
2026-04-26 00:00:00+00:00,99.8366,101.2334,99.5544,100.9653
2026-04-27 00:00:00+00:00,100.9653,101.7425,100.7378,101.3775
2026-04-28 00:00:00+00:00,101.3775,101.531,100.6208,100.7153
2026-04-29 00:00:00+00:00,100.7153,101.0945,99.7499,100.0369
2026-04-30 00:00:00+00:00,100.0369,100.3024,98.7691,98.9244
2026-05-01 00:00:00+00:00,98.9244,98.9745,97.9808,98.1313
2026-05-02 00:00:00+00:00,98.1313,98.3843,97.1652,97.4444
2026-05-03 00:00:00+00:00,97.4444,97.5692,96.5308,96.7464
2026-05-04 00:00:00+00:00,96.7464,97.1,95.526,95.6354
