timestamp_utc,open,high,low,close
2026-01-05T00:00:00+00:00,29500.0,30000.0,29000.0,29550.0
2026-01-06T00:00:00+00:00,29510.0,30000.0,29000.0,29450.0
2026-01-07T00:00:00+00:00,29520.0,30000.0,29000.0,29550.0
2026-01-08T00:00:00+00:00,29500.0,30000.0,29000.0,29450.0
2026-01-09T00:00:00+00:00,29510.0,30000.0,29000.0,29550.0
2026-01-12T00:00:00+00:00,29520.0,30000.0,29000.0,29450.0
2026-01-13T00:00:00+00:00,29500.0,30000.0,29000.0,29550.0
2026-01-14T00:00:00+00:00,29510.0,30000.0,29000.0,29450.0
2026-01-15T00:00:00+00:00,29520.0,30000.0,29000.0,29550.0
2026-01-16T00:00:00+00:00,29500.0,30000.0,29000.0,29450.0
2026-01-19T00:00:00+00:00,29510.0,30000.0,29000.0,29550.0
2026-01-20T00:00:00+00:00,29520.0,30000.0,29000.0,29450.0
2026-01-21T00:00:00+00:00,29500.0,30000.0,29000.0,29550.0
2026-01-22T00:00:00+00:00,29510.0,30000.0,29000.0,29450.0
2026-01-23T00:00:00+00:00,29520.0,30000.0,29000.0,29550.0
2026-01-26T00:00:00+00:00,29500.0,30000.0,29000.0,29450.0
2026-01-27T00:00:00+00:00,29510.0,30000.0,29000.0,29550.0
2026-01-28T00:00:00+00:00,29520.0,30000.0,29000.0,29450.0
2026-01-29T00:00:00+00:00,29500.0,30000.0,29000.0,29550.0
2026-01-30T00:00:00+00:00,29510.0,30000.0,29000.0,29450.0
2026-02-02T00:00:00+00:00,29520.0,30000.0,29000.0,29550.0
2026-02-03T00:00:00+00:00,29500.0,30000.0,29000.0,29450.0
2026-02-04T00:00:00+00:00,29510.0,30000.0,29000.0,29550.0
2026-02-05T00:00:00+00:00,29520.0,30000.0,29000.0,29450.0
2026-02-06T00:00:00+00:00,29500.0,30000.0,29000.0,29550.0
2026-02-09T00:00:00+00:00,29510.0,30000.0,29000.0,29450.0
2026-02-10T00:00:00+00:00,29520.0,30000.0,29000.0,29550.0
2026-02-11T00:00:00+00:00,29500.0,30000.0,29000.0,29450.0
2026-02-12T00:00:00+00:00,29510.0,30000.0,29000.0,29550.0
2026-02-13T00:00:00+00:00,29520.0,30000.0,29000.0,29450.0
2026-02-16T00:00:00+00:00,29500.0,30000.0,29000.0,29550.0
2026-02-17T00:00:00+00:00,29510.0,30000.0,29000.0,29450.0
2026-02-18T00:00:00+00:00,29520.0,30000.0,29000.0,29550.0
2026-02-19T00:00:00+00:00,29500.0,30000.0,29000.0,29450.0
2026-02-20T00:00:00+00:00,29510.0,30000.0,29000.0,29550.0
2026-02-23T00:00:00+00:00,29520.0,30000.0,29000.0,29450.0
2026-02-24T00:00:00+00:00,29500.0,30000.0,29000.0,29550.0
2026-02-25T00:00:00+00:00,29510.0,30000.0,29000.0,29450.0
2026-02-26T00:00:00+00:00,29520.0,30000.0,29000.0,29550.0
2026-02-27T00:00:00+00:00,29500.0,30000.0,29000.0,29450.0
2026-03-02T00:00:00+00:00,29510.0,30000.0,29000.0,29550.0
2026-03-03T00:00:00+00:00,29520.0,30000.0,29000.0,29450.0
2026-03-04T00:00:00+00:00,29500.0,30000.0,29000.0,29550.0
2026-03-05T00:00:00+00:00,29510.0,30000.0,29000.0,29450.0
2026-03-06T00:00:00+00:00,29520.0,30000.0,29000.0,29550.0
2026-03-09T00:00:00+00:00,29500.0,30000.0,29000.0,29450.0
2026-03-10T00:00:00+00:00,29510.0,30000.0,29000.0,29550.0
2026-03-11T00:00:00+00:00,29520.0,30000.0,29000.0,29450.0
2026-03-12T00:00:00+00:00,29500.0,30000.0,29000.0,29550.0
2026-03-13T00:00:00+00:00,29510.0,30000.0,29000.0,29450.0
2026-03-16T00:00:00+00:00,29520.0,30000.0,29000.0,29550.0
2026-03-17T00:00:00+00:00,29500.0,30000.0,29000.0,29450.0
2026-03-18T00:00:00+00:00,29510.0,30000.0,29000.0,29550.0
2026-03-19T00:00:00+00:00,29520.0,30000.0,29000.0,29450.0
2026-03-20T00:00:00+00:00,29500.0,30000.0,29000.0,29550.0
2026-03-23T00:00:00+00:00,30050,30600,29950,30550
