timestamp_utc,open,high,low,close,tick_volume,spread,real_volume
2024-01-02 00:00:00,1.10409,1.10439,1.10409,1.10432,167,15,0
2024-01-02 01:00:00,1.1043,1.10436,1.1035,1.10359,563,11,0
2024-01-02 02:00:00,1.1036,1.10376,1.10336,1.10376,519,11,0
2024-01-02 03:00:00,1.10376,1.10427,1.10337,1.10344,1057,11,0
2024-01-02 04:00:00,1.10344,1.10354,1.10177,1.10184,878,11,0
2024-01-02 05:00:00,1.10184,1.10243,1.1017,1.1024,685,11,0
2024-01-02 06:00:00,1.1024,1.10244,1.1016,1.10203,548,11,0
2024-01-02 07:00:00,1.10203,1.10331,1.10203,1.10329,855,11,0
2024-01-02 08:00:00,1.10331,1.10347,1.10264,1.1028,826,11,0
2024-01-02 09:00:00,1.10282,1.10374,1.10145,1.10147,1583,11,0
2024-01-02 10:00:00,1.10172,1.10382,1.10172,1.10291,1875,11,0
2024-01-02 11:00:00,1.10287,1.10373,1.10101,1.10147,1648,11,0
2024-01-02 12:00:00,1.10144,1.10164,1.09966,1.10068,1698,11,0
2024-01-02 13:00:00,1.10063,1.10067,1.09659,1.09687,1845,11,0
2024-01-02 14:00:00,1.09688,1.09713,1.09532,1.09533,1565,11,0
2024-01-02 15:00:00,1.09535,1.09644,1.0949,1.09519,1916,11,0
2024-01-02 16:00:00,1.09517,1.09633,1.09444,1.09619,2219,11,0
2024-01-02 17:00:00,1.09626,1.09678,1.09407,1.09432,2355,11,0
2024-01-02 18:00:00,1.09433,1.09611,1.09403,1.09557,1810,11,0
2024-01-02 19:00:00,1.0956,1.0957,1.09454,1.09501,1417,11,0
2024-01-02 20:00:00,1.09501,1.09554,1.09457,1.09461,1225,11,0
2024-01-02 21:00:00,1.09461,1.09496,1.09422,1.09456,924,11,0
2024-01-02 22:00:00,1.09459,1.09505,1.09416,1.09425,1134,11,0
2024-01-02 23:00:00,1.09425,1.09427,1.09379,1.09402,661,11,0
2024-01-03 00:00:00,1.09395,1.09428,1.09375,1.09402,503,15,0
2024-01-03 01:00:00,1.09407,1.09434,1.09403,1.09408,420,11,0
2024-01-03 02:00:00,1.0941,1.095,1.09409,1.09489,561,11,0
2024-01-03 03:00:00,1.09488,1.09543,1.09444,1.09508,1017,11,0
2024-01-03 04:00:00,1.09508,1.09525,1.09481,1.09515,732,11,0
2024-01-03 05:00:00,1.09515,1.09616,1.09481,1.09604,608,11,0
2024-01-03 06:00:00,1.09604,1.09619,1.09583,1.09617,499,11,0
2024-01-03 07:00:00,1.09617,1.09623,1.09508,1.09508,819,11,0
2024-01-03 08:00:00,1.09507,1.09602,1.09506,1.09586,690,11,0
2024-01-03 09:00:00,1.09576,1.09621,1.0951,1.09598,1348,11,0
2024-01-03 10:00:00,1.09596,1.0964,1.09497,1.09521,1863,11,0
2024-01-03 11:00:00,1.09517,1.09558,1.09342,1.09359,1708,11,0
2024-01-03 12:00:00,1.09359,1.09385,1.09256,1.09276,1397,11,0
2024-01-03 13:00:00,1.09273,1.09291,1.09147,1.09187,1666,11,0
2024-01-03 14:00:00,1.0919,1.09317,1.09141,1.09162,1597,11,0
2024-01-03 15:00:00,1.09161,1.09296,1.09095,1.09212,2072,11,0
2024-01-03 16:00:00,1.09212,1.0925799999999999,1.09095,1.09177,2229,11,0
2024-01-03 17:00:00,1.0913,1.0937999999999999,1.08975,1.09041,2663,11,0
2024-01-03 18:00:00,1.09042,1.09177,1.09022,1.09076,2131,11,0
2024-01-03 19:00:00,1.09076,1.09097,1.09028,1.09061,1584,11,0
2024-01-03 20:00:00,1.09062,1.09144,1.09022,1.09053,1394,11,0
2024-01-03 21:00:00,1.09053,1.09252,1.08925,1.09167,2454,13,0
2024-01-03 22:00:00,1.09168,1.09227,1.09143,1.09205,1785,11,0
2024-01-03 23:00:00,1.09204,1.09229,1.0918,1.09214,732,11,0
2024-01-04 00:00:00,1.09077,1.09217,1.09077,1.09202,495,14,0
2024-01-04 01:00:00,1.09213,1.09269,1.09213,1.09253,554,11,0
2024-01-04 02:00:00,1.09253,1.0926,1.09189,1.09219,752,11,0
2024-01-04 03:00:00,1.0922,1.09234,1.09157,1.09172,964,11,0
2024-01-04 04:00:00,1.09173,1.09194,1.09155,1.09187,678,11,0
2024-01-04 05:00:00,1.09188,1.09301,1.09187,1.09256,790,11,0
2024-01-04 06:00:00,1.09256,1.09281,1.09241,1.09255,680,11,0
2024-01-04 07:00:00,1.09254,1.09263,1.09214,1.0926,1009,11,0
2024-01-04 08:00:00,1.0926,1.09339,1.09202,1.09318,1050,12,0
2024-01-04 09:00:00,1.0931899999999999,1.0943,1.0929,1.0937000000000001,1588,11,0
2024-01-04 10:00:00,1.09369,1.09551,1.0934,1.09526,1973,11,0
2024-01-04 11:00:00,1.09523,1.09686,1.09447,1.09669,1925,11,0
2024-01-04 12:00:00,1.09672,1.09717,1.09539,1.09549,1624,11,0
2024-01-04 13:00:00,1.09551,1.09573,1.09455,1.09473,1311,11,0
2024-01-04 14:00:00,1.09472,1.0955300000000001,1.09463,1.09519,1351,11,0
2024-01-04 15:00:00,1.09517,1.09547,1.09321,1.09465,2224,11,0
2024-01-04 16:00:00,1.09465,1.09499,1.09376,1.09449,2218,11,0
2024-01-04 17:00:00,1.09448,1.09646,1.09448,1.09547,2253,11,0
2024-01-04 18:00:00,1.0955,1.09634,1.09537,1.09554,1858,11,0
2024-01-04 19:00:00,1.09556,1.09592,1.09411,1.095,1439,11,0
2024-01-04 20:00:00,1.09498,1.09539,1.09454,1.09465,1314,11,0
2024-01-04 21:00:00,1.09465,1.09493,1.09429,1.09465,1074,11,0
2024-01-04 22:00:00,1.09464,1.09487,1.09425,1.09487,1120,11,0
2024-01-04 23:00:00,1.09485,1.09495,1.09442,1.09445,593,11,0
2024-01-05 00:00:00,1.09408,1.09488,1.09408,1.09464,672,15,0
2024-01-05 01:00:00,1.09452,1.09484,1.0943,1.09457,395,11,0
2024-01-05 02:00:00,1.09453,1.09509,1.09438,1.09505,753,11,0
2024-01-05 03:00:00,1.09503,1.0955300000000001,1.09495,1.09508,1162,11,0
2024-01-05 04:00:00,1.09509,1.09534,1.0946,1.09462,840,11,0
2024-01-05 05:00:00,1.09464,1.09468,1.09385,1.09386,724,11,0
2024-01-05 06:00:00,1.09387,1.09406,1.09359,1.09367,602,11,0
2024-01-05 07:00:00,1.09366,1.09374,1.09335,1.09368,816,11,0
2024-01-05 08:00:00,1.09368,1.09368,1.09242,1.09271,1033,11,0
2024-01-05 09:00:00,1.09271,1.09329,1.0922,1.09227,1340,11,0
2024-01-05 10:00:00,1.09234,1.09251,1.09027,1.09072,1782,11,0
2024-01-05 11:00:00,1.09071,1.093,1.09023,1.09117,1745,11,0
2024-01-05 12:00:00,1.09123,1.09133,1.0903100000000001,1.09121,1464,11,0
2024-01-05 13:00:00,1.09121,1.0917,1.09094,1.09137,1339,11,0
2024-01-05 14:00:00,1.09138,1.09204,1.09131,1.09171,1306,11,0
2024-01-05 15:00:00,1.09172,1.09273,1.08764,1.09206,2552,11,0
2024-01-05 16:00:00,1.09218,1.09542,1.09213,1.09486,2638,11,0
2024-01-05 17:00:00,1.09485,1.09976,1.09485,1.09776,2893,11,0
2024-01-05 18:00:00,1.09776,1.09799,1.09526,1.0955300000000001,2274,11,0
2024-01-05 19:00:00,1.09554,1.09554,1.09426,1.09457,2005,11,0
2024-01-05 20:00:00,1.09457,1.09556,1.09348,1.09535,1687,11,0
2024-01-05 21:00:00,1.09538,1.09592,1.09426,1.09447,1559,11,0
2024-01-05 22:00:00,1.09446,1.09463,1.09351,1.09387,1363,11,0
2024-01-05 23:00:00,1.09386,1.09409,1.09364,1.09406,641,11,0
2024-01-08 00:00:00,1.09372,1.09449,1.09371,1.09434,364,15,0
2024-01-08 01:00:00,1.0945,1.0945,1.09343,1.09411,573,11,0
2024-01-08 02:00:00,1.09411,1.09486,1.09397,1.09482,569,11,0
2024-01-08 03:00:00,1.09481,1.09525,1.09463,1.09475,925,11,0
2024-01-08 04:00:00,1.09469,1.09472,1.09353,1.09366,842,11,0
2024-01-08 05:00:00,1.09365,1.09386,1.09308,1.09324,790,11,0
2024-01-08 06:00:00,1.09322,1.09365,1.09299,1.09334,673,11,0
2024-01-08 07:00:00,1.09334,1.09371,1.09316,1.0937000000000001,826,11,0
2024-01-08 08:00:00,1.09369,1.09462,1.09357,1.09452,863,12,0
2024-01-08 09:00:00,1.09453,1.09517,1.09389,1.09447,1518,11,0
2024-01-08 10:00:00,1.09446,1.09446,1.09288,1.09333,2057,11,0
2024-01-08 11:00:00,1.09331,1.09417,1.09221,1.09367,1744,11,0
2024-01-08 12:00:00,1.09376,1.0943,1.09338,1.09419,1530,11,0
2024-01-08 13:00:00,1.09419,1.095,1.09364,1.09375,1554,11,0
2024-01-08 14:00:00,1.09375,1.09477,1.09367,1.0944099999999999,1473,11,0
2024-01-08 15:00:00,1.09443,1.09556,1.09421,1.09503,2106,11,0
2024-01-08 16:00:00,1.09503,1.0962,1.09489,1.09596,3421,11,0
2024-01-08 17:00:00,1.09599,1.0974,1.09548,1.09685,2932,11,0
2024-01-08 18:00:00,1.09692,1.09783,1.09679,1.09749,2612,11,0
2024-01-08 19:00:00,1.09748,1.09781,1.09619,1.09641,1694,11,0
2024-01-08 20:00:00,1.09639,1.09652,1.09483,1.09548,1312,11,0
2024-01-08 21:00:00,1.09549,1.09622,1.09524,1.09604,1433,11,0
2024-01-08 22:00:00,1.09605,1.09605,1.09489,1.09541,1407,11,0
2024-01-08 23:00:00,1.0954,1.09557,1.0949200000000001,1.09499,822,11,0
2024-01-09 00:00:00,1.09496,1.09542,1.0948,1.09493,696,18,0
2024-01-09 01:00:00,1.09493,1.09519,1.09486,1.0949200000000001,620,11,0
2024-01-09 02:00:00,1.0949200000000001,1.09589,1.09488,1.09546,2009,11,0
2024-01-09 03:00:00,1.09546,1.09613,1.09509,1.09609,2523,11,0
2024-01-09 04:00:00,1.09611,1.09642,1.09599,1.09621,1799,11,0
2024-01-09 05:00:00,1.09621,1.09657,1.09602,1.09623,1368,11,0
2024-01-09 06:00:00,1.09623,1.09625,1.09528,1.09555,1199,11,0
2024-01-09 07:00:00,1.09555,1.09557,1.09475,1.09491,1297,11,0
2024-01-09 08:00:00,1.09491,1.09544,1.09475,1.09497,1964,11,0
2024-01-09 09:00:00,1.09497,1.09624,1.09454,1.09558,3205,11,0
2024-01-09 10:00:00,1.09558,1.09561,1.09381,1.0949200000000001,4746,11,0
2024-01-09 11:00:00,1.0949200000000001,1.09499,1.09372,1.09435,4405,11,0
2024-01-09 12:00:00,1.09436,1.09475,1.09318,1.09349,3329,11,0
2024-01-09 13:00:00,1.0935,1.09355,1.09281,1.09307,3165,11,0
2024-01-09 14:00:00,1.09307,1.09411,1.09283,1.094,3918,11,0
2024-01-09 15:00:00,1.09401,1.09463,1.09324,1.09452,6761,11,0
2024-01-09 16:00:00,1.09452,1.09507,1.09376,1.0945,5516,11,0
2024-01-09 17:00:00,1.0945,1.09462,1.09171,1.09173,3279,11,0
2024-01-09 18:00:00,1.09173,1.09345,1.09096,1.09338,2484,11,0
2024-01-09 19:00:00,1.09336,1.09386,1.09296,1.09335,2267,11,0
2024-01-09 20:00:00,1.09337,1.09391,1.09217,1.09236,2186,11,0
2024-01-09 21:00:00,1.09236,1.0928,1.09194,1.09247,1617,11,0
2024-01-09 22:00:00,1.0925,1.09291,1.09244,1.09274,1778,11,0
2024-01-09 23:00:00,1.09273,1.0930900000000001,1.09271,1.09306,752,11,0
2024-01-10 00:00:00,1.09284,1.09288,1.09252,1.09275,372,15,0
2024-01-10 01:00:00,1.09279,1.09324,1.09279,1.09311,433,11,0
2024-01-10 02:00:00,1.09311,1.09358,1.09285,1.09301,1731,11,0
2024-01-10 03:00:00,1.09301,1.09328,1.09254,1.09317,2356,11,0
2024-01-10 04:00:00,1.09317,1.09354,1.0931,1.09332,1706,11,0
2024-01-10 05:00:00,1.09332,1.09354,1.09271,1.09285,1667,11,0
2024-01-10 06:00:00,1.09284,1.09325,1.09282,1.09313,1124,11,0
2024-01-10 07:00:00,1.09315,1.09334,1.09297,1.09317,1209,11,0
2024-01-10 08:00:00,1.09315,1.09329,1.09229,1.0924,1933,11,0
2024-01-10 09:00:00,1.09245,1.09447,1.0924,1.09256,4765,11,0
2024-01-10 10:00:00,1.09256,1.09443,1.09223,1.09428,5540,11,0
2024-01-10 11:00:00,1.09428,1.09513,1.0941,1.09466,3824,11,0
2024-01-10 12:00:00,1.09466,1.09543,1.09445,1.09487,3388,11,0
2024-01-10 13:00:00,1.09487,1.09548,1.0941,1.09453,3027,11,0
2024-01-10 14:00:00,1.09453,1.09499,1.09424,1.09432,2962,11,0
2024-01-10 15:00:00,1.09432,1.09514,1.094,1.09401,4794,11,0
2024-01-10 16:00:00,1.09401,1.09411,1.09314,1.09394,3620,11,0
2024-01-10 17:00:00,1.09395,1.09685,1.09351,1.09667,2779,11,0
2024-01-10 18:00:00,1.09668,1.09685,1.0952,1.09586,2114,11,0
2024-01-10 19:00:00,1.09589,1.09676,1.09576,1.09666,1540,11,0
2024-01-10 20:00:00,1.09666,1.09693,1.09587,1.09689,1568,11,0
2024-01-10 21:00:00,1.0969,1.09703,1.09663,1.09698,1404,11,0
2024-01-10 22:00:00,1.09698,1.09722,1.0961,1.09651,2129,11,0
2024-01-10 23:00:00,1.09649,1.09724,1.09642,1.09721,854,11,0
2024-01-11 00:00:00,1.09671,1.0971899999999999,1.09659,1.09712,475,13,0
2024-01-11 01:00:00,1.09722,1.09741,1.09706,1.09735,580,11,0
2024-01-11 02:00:00,1.09735,1.09783,1.09724,1.09773,1507,11,0
2024-01-11 03:00:00,1.09773,1.09796,1.09746,1.09785,2434,11,0
2024-01-11 04:00:00,1.09785,1.09843,1.09765,1.09775,2083,11,0
2024-01-11 05:00:00,1.09775,1.09806,1.09766,1.0979700000000001,1143,11,0
2024-01-11 06:00:00,1.0979700000000001,1.09822,1.09768,1.09771,1175,11,0
2024-01-11 07:00:00,1.09771,1.09809,1.0975,1.09779,1589,11,0
2024-01-11 08:00:00,1.09779,1.09879,1.09739,1.09852,1744,11,0
2024-01-11 09:00:00,1.09852,1.09863,1.09767,1.09784,2912,11,0
2024-01-11 10:00:00,1.09784,1.09809,1.09712,1.09744,3813,11,0
2024-01-11 11:00:00,1.09744,1.09746,1.09584,1.09632,3878,11,0
2024-01-11 12:00:00,1.09632,1.09691,1.09581,1.09683,3497,11,0
2024-01-11 13:00:00,1.09683,1.0982,1.0967,1.09782,3395,11,0
2024-01-11 14:00:00,1.09782,1.099,1.09757,1.09833,3465,11,0
2024-01-11 15:00:00,1.09832,1.09971,1.09349,1.09383,4477,11,0
2024-01-11 16:00:00,1.09393,1.0973,1.0930900000000001,1.09535,4807,11,0
2024-01-11 17:00:00,1.09535,1.09622,1.09297,1.09459,4515,11,0
2024-01-11 18:00:00,1.0946,1.09565,1.09363,1.09418,3658,11,0
2024-01-11 19:00:00,1.09418,1.0954,1.09408,1.09503,2991,11,0
2024-01-11 20:00:00,1.09504,1.09653,1.09493,1.09642,2565,11,0
2024-01-11 21:00:00,1.09646,1.09824,1.09643,1.09814,2455,11,0
2024-01-11 22:00:00,1.09814,1.0982,1.09556,1.09709,2577,11,0
2024-01-11 23:00:00,1.09708,1.09746,1.09696,1.09728,1277,11,0
2024-01-12 00:00:00,1.0964,1.09735,1.09621,1.09715,858,15,0
2024-01-12 01:00:00,1.09715,1.09819,1.09692,1.09818,1482,11,0
2024-01-12 02:00:00,1.09818,1.09842,1.09734,1.0975,2398,11,0
2024-01-12 03:00:00,1.0975,1.09837,1.0972,1.09822,2519,11,0
2024-01-12 04:00:00,1.09822,1.09847,1.09774,1.09789,1976,11,0
2024-01-12 05:00:00,1.09789,1.09823,1.09765,1.09772,1094,11,0
2024-01-12 06:00:00,1.09772,1.09772,1.09725,1.09751,1184,11,0
2024-01-12 07:00:00,1.09751,1.09796,1.09732,1.09749,1495,11,0
2024-01-12 08:00:00,1.09749,1.09782,1.09724,1.09745,1476,11,0
2024-01-12 09:00:00,1.09745,1.0977,1.09602,1.09661,3566,11,0
2024-01-12 10:00:00,1.09655,1.09823,1.09644,1.09745,4765,11,0
2024-01-12 11:00:00,1.09746,1.09794,1.09604,1.09618,3854,11,0
2024-01-12 12:00:00,1.09618,1.09635,1.09562,1.09593,3243,11,0
2024-01-12 13:00:00,1.09593,1.09615,1.0946,1.0949,3427,11,0
2024-01-12 14:00:00,1.0949,1.09512,1.09364,1.09372,3989,11,0
2024-01-12 15:00:00,1.09373,1.0969,1.09353,1.0955,5448,11,0
2024-01-12 16:00:00,1.09548,1.09844,1.09523,1.09749,3941,11,0
2024-01-12 17:00:00,1.09752,1.09863,1.09618,1.09659,3734,11,0
2024-01-12 18:00:00,1.09657,1.09734,1.09575,1.09575,3061,11,0
2024-01-12 19:00:00,1.09573,1.09581,1.09465,1.0949200000000001,2153,11,0
2024-01-12 20:00:00,1.09491,1.09591,1.09486,1.09589,1648,11,0
2024-01-12 21:00:00,1.09585,1.09629,1.09532,1.09554,1491,11,0
2024-01-12 22:00:00,1.0955300000000001,1.09559,1.09499,1.09506,1333,11,0
2024-01-12 23:00:00,1.09507,1.09521,1.09475,1.09498,954,11,0
2024-01-15 00:00:00,1.0945,1.09497,1.09414,1.09476,947,15,0
2024-01-15 01:00:00,1.09476,1.09484,1.09435,1.09445,1106,11,0
2024-01-15 02:00:00,1.09445,1.09534,1.09401,1.09529,2530,11,0
2024-01-15 03:00:00,1.09529,1.09556,1.09489,1.09542,2348,11,0
2024-01-15 04:00:00,1.09542,1.09649,1.09542,1.09644,1663,11,0
2024-01-15 05:00:00,1.09644,1.0967,1.09629,1.09634,1340,11,0
2024-01-15 06:00:00,1.09636,1.09639,1.0958,1.09623,1033,11,0
2024-01-15 07:00:00,1.09623,1.09654,1.096,1.09635,1146,11,0
2024-01-15 08:00:00,1.09636,1.09661,1.09618,1.09634,1508,11,0
2024-01-15 09:00:00,1.09634,1.09656,1.09509,1.09529,3505,11,0
2024-01-15 10:00:00,1.09533,1.09644,1.09531,1.09574,4669,11,0
2024-01-15 11:00:00,1.09574,1.09583,1.09425,1.09461,3779,11,0
2024-01-15 12:00:00,1.09461,1.09462,1.09328,1.09396,3838,11,0
2024-01-15 13:00:00,1.09396,1.09485,1.09394,1.09448,2699,11,0
2024-01-15 14:00:00,1.09448,1.09585,1.09432,1.09532,3558,11,0
2024-01-15 15:00:00,1.09532,1.09536,1.09436,1.09499,3670,11,0
2024-01-15 16:00:00,1.09501,1.09514,1.09381,1.09429,2469,11,0
2024-01-15 17:00:00,1.09428,1.09504,1.09376,1.0949200000000001,2035,11,0
2024-01-15 18:00:00,1.0949200000000001,1.09519,1.09461,1.09467,1324,11,0
2024-01-15 19:00:00,1.09467,1.09521,1.09457,1.09477,756,11,0
2024-01-15 20:00:00,1.09475,1.09523,1.09471,1.09523,259,11,0
2024-01-15 21:00:00,1.09523,1.09531,1.0949200000000001,1.095,368,11,0
2024-01-15 22:00:00,1.09501,1.09512,1.09486,1.09512,371,11,0
2024-01-15 23:00:00,1.09512,1.09514,1.0949200000000001,1.09498,278,11,0
2024-01-16 00:00:00,1.09426,1.09498,1.09426,1.0948,653,14,0
2024-01-16 01:00:00,1.0948,1.09504,1.09442,1.09444,1040,11,0
2024-01-16 02:00:00,1.09444,1.09456,1.09184,1.09191,2689,11,0
2024-01-16 03:00:00,1.09191,1.0930900000000001,1.09148,1.0927,4170,11,0
2024-01-16 04:00:00,1.0927,1.09271,1.0921,1.09232,2496,11,0
2024-01-16 05:00:00,1.09232,1.09249,1.09155,1.09182,1570,11,0
2024-01-16 06:00:00,1.09182,1.09195,1.09128,1.09169,1336,11,0
2024-01-16 07:00:00,1.09169,1.09179,1.0912,1.09148,1979,11,0
2024-01-16 08:00:00,1.09148,1.0921,1.09121,1.09166,2257,11,0
2024-01-16 09:00:00,1.09166,1.09261,1.0908,1.09178,4198,11,0
2024-01-16 10:00:00,1.09179,1.09228,1.08936,1.09041,7699,11,0
2024-01-16 11:00:00,1.09038,1.09038,1.08832,1.08853,6052,11,0
2024-01-16 12:00:00,1.08853,1.08889,1.08786,1.08806,4254,11,0
2024-01-16 13:00:00,1.08806,1.08941,1.08729,1.08916,4448,11,0
2024-01-16 14:00:00,1.08916,1.08928,1.0883099999999999,1.08856,3078,11,0
2024-01-16 15:00:00,1.08856,1.08973,1.0871,1.08735,3609,11,0
2024-01-16 16:00:00,1.08732,1.08886,1.0866,1.08719,3778,11,0
2024-01-16 17:00:00,1.08718,1.08878,1.08652,1.08853,3079,11,0
2024-01-16 18:00:00,1.08861,1.08941,1.08615,1.08802,4297,11,0
2024-01-16 19:00:00,1.08805,1.08822,1.08623,1.08625,2754,11,0
2024-01-16 20:00:00,1.08625,1.08765,1.08624,1.08693,2066,11,0
2024-01-16 21:00:00,1.08693,1.08742,1.08672,1.08731,1499,11,0
2024-01-16 22:00:00,1.08731,1.0875,1.08696,1.08708,1559,11,0
2024-01-16 23:00:00,1.08712,1.08769,1.08708,1.0875,640,11,0
2024-01-17 00:00:00,1.08704,1.08764,1.08671,1.08741,694,20,0
2024-01-17 01:00:00,1.08743,1.08782,1.08741,1.08781,519,11,0
2024-01-17 02:00:00,1.08781,1.08782,1.08717,1.08772,1652,11,0
2024-01-17 03:00:00,1.08772,1.08818,1.08728,1.08766,2968,11,0
2024-01-17 04:00:00,1.08766,1.0884,1.08733,1.08743,1792,11,0
2024-01-17 05:00:00,1.08743,1.08743,1.08644,1.08657,1740,11,0
2024-01-17 06:00:00,1.08657,1.08704,1.08641,1.08702,1356,11,0
2024-01-17 07:00:00,1.08702,1.08716,1.08602,1.08643,2471,11,0
2024-01-17 08:00:00,1.08643,1.08644,1.08548,1.08616,2850,11,0
2024-01-17 09:00:00,1.08616,1.08732,1.0858,1.08695,6110,11,0
2024-01-17 10:00:00,1.08695,1.08811,1.08656,1.08662,6266,11,0
2024-01-17 11:00:00,1.08662,1.08782,1.0860400000000001,1.08756,4833,11,0
2024-01-17 12:00:00,1.08756,1.08832,1.08664,1.08713,5082,11,0
2024-01-17 13:00:00,1.08713,1.08825,1.08692,1.0878,3194,11,0
2024-01-17 14:00:00,1.0878,1.08805,1.08688,1.08737,2639,11,0
2024-01-17 15:00:00,1.08738,1.0878,1.08509,1.08634,3941,11,0
2024-01-17 16:00:00,1.08635,1.08696,1.08473,1.08484,3421,11,0
2024-01-17 17:00:00,1.08483,1.08703,1.0844,1.08487,3508,11,0
2024-01-17 18:00:00,1.08485,1.08641,1.08471,1.08567,2827,11,0
2024-01-17 19:00:00,1.0857,1.08695,1.08563,1.08664,2268,11,0
2024-01-17 20:00:00,1.08667,1.08668,1.0856,1.08653,2169,11,0
2024-01-17 21:00:00,1.08654,1.08782,1.08654,1.08732,1831,11,0
2024-01-17 22:00:00,1.08733,1.08814,1.08697,1.08803,1435,11,0
2024-01-17 23:00:00,1.08803,1.08822,1.08803,1.08816,722,11,0
2024-01-18 00:00:00,1.08793,1.08827,1.0878700000000001,1.08811,639,11,0
2024-01-18 01:00:00,1.08811,1.08854,1.088,1.08854,811,11,0
2024-01-18 02:00:00,1.08854,1.08937,1.08796,1.08934,1494,11,0
2024-01-18 03:00:00,1.08934,1.09003,1.08917,1.08957,2890,11,0
2024-01-18 04:00:00,1.08954,1.09023,1.08925,1.08927,1541,11,0
2024-01-18 05:00:00,1.08928,1.08975,1.08899,1.0895,1429,11,0
2024-01-18 06:00:00,1.08949,1.08957,1.08904,1.08935,1189,11,0
2024-01-18 07:00:00,1.08934,1.08957,1.08897,1.08944,1502,11,0
2024-01-18 08:00:00,1.08945,1.09062,1.08942,1.09034,1802,11,0
2024-01-18 09:00:00,1.09032,1.09058,1.08858,1.08875,2204,11,0
2024-01-18 10:00:00,1.08872,1.08884,1.08769,1.08793,2334,11,0
2024-01-18 11:00:00,1.08793,1.08989,1.08761,1.0884,2306,11,0
2024-01-18 12:00:00,1.0884,1.08954,1.08823,1.08943,1912,11,0
2024-01-18 13:00:00,1.08943,1.08947,1.08841,1.08882,1854,11,0
2024-01-18 14:00:00,1.08885,1.08936,1.0874,1.08769,2083,11,0
2024-01-18 15:00:00,1.08768,1.0877,1.08502,1.08521,3569,11,0
2024-01-18 16:00:00,1.0852,1.08684,1.08488,1.08591,3971,11,0
2024-01-18 17:00:00,1.0859,1.08674,1.08461,1.08516,3805,11,0
2024-01-18 18:00:00,1.08514,1.08695,1.08498,1.0861399999999999,2865,11,0
2024-01-18 19:00:00,1.0861399999999999,1.08638,1.08497,1.08591,2352,11,0
2024-01-18 20:00:00,1.08592,1.08653,1.08537,1.08633,2102,11,0
2024-01-18 21:00:00,1.08632,1.08685,1.08597,1.08613,1942,11,0
2024-01-18 22:00:00,1.08612,1.08688,1.08601,1.08685,1621,11,0
2024-01-18 23:00:00,1.08684,1.08769,1.08677,1.08759,725,11,0
2024-01-19 00:00:00,1.08734,1.08755,1.08649,1.08725,931,15,0
2024-01-19 01:00:00,1.08746,1.08798,1.08739,1.08794,615,11,0
2024-01-19 02:00:00,1.08794,1.08813,1.08772,1.08792,1608,11,0
2024-01-19 03:00:00,1.08798,1.08868,1.08755,1.08849,1943,11,0
2024-01-19 04:00:00,1.0884800000000001,1.0889,1.0882,1.08875,1648,11,0
2024-01-19 05:00:00,1.08875,1.08887,1.08847,1.08884,1054,11,0
2024-01-19 06:00:00,1.08883,1.08888,1.08847,1.08858,535,11,0
2024-01-19 07:00:00,1.08859,1.08865,1.08791,1.08803,1423,11,0
2024-01-19 08:00:00,1.08799,1.0882,1.08748,1.08802,1906,11,0
2024-01-19 09:00:00,1.08803,1.08858,1.08739,1.08789,2891,11,0
2024-01-19 10:00:00,1.08788,1.08814,1.0867499999999999,1.08765,2897,11,0
2024-01-19 11:00:00,1.08766,1.08844,1.08708,1.08823,2951,11,0
2024-01-19 12:00:00,1.08821,1.08846,1.0872600000000001,1.08805,2620,11,0
2024-01-19 13:00:00,1.08805,1.08924,1.08786,1.08868,2143,11,0
2024-01-19 14:00:00,1.08868,1.08875,1.08796,1.08821,2142,11,0
2024-01-19 15:00:00,1.08821,1.0889,1.08749,1.08801,3974,11,0
2024-01-19 16:00:00,1.088,1.08832,1.08651,1.08792,3138,11,0
2024-01-19 17:00:00,1.0884800000000001,1.08891,1.08693,1.0882,3805,11,0
2024-01-19 18:00:00,1.0882,1.08874,1.08802,1.08861,2539,11,0
2024-01-19 19:00:00,1.08863,1.08927,1.08794,1.08891,2178,11,0
2024-01-19 20:00:00,1.08891,1.08957,1.08851,1.08915,1498,11,0
2024-01-19 21:00:00,1.08914,1.08943,1.08875,1.08918,1983,11,0
2024-01-19 22:00:00,1.08919,1.0895299999999999,1.08895,1.08945,1498,11,0
2024-01-19 23:00:00,1.08946,1.08971,1.08933,1.08965,854,11,0
2024-01-22 00:00:00,1.08894,1.08944,1.08853,1.08902,1159,20,0
2024-01-22 01:00:00,1.08904,1.08971,1.08899,1.08914,827,11,0
2024-01-22 02:00:00,1.08915,1.0901,1.08907,1.09006,1229,11,0
2024-01-22 03:00:00,1.09008,1.09045,1.08981,1.09015,1856,11,0
2024-01-22 04:00:00,1.09016,1.09087,1.08991,1.09066,1157,11,0
2024-01-22 05:00:00,1.09067,1.09072,1.09002,1.0901399999999999,986,11,0
2024-01-22 06:00:00,1.0901399999999999,1.09041,1.09001,1.09024,724,11,0
2024-01-22 07:00:00,1.09024,1.0904,1.0898,1.09011,1126,11,0
2024-01-22 08:00:00,1.09011,1.09089,1.09008,1.09042,1599,11,0
2024-01-22 09:00:00,1.09041,1.09073,1.08966,1.08971,2551,11,0
2024-01-22 10:00:00,1.08968,1.09004,1.08866,1.08913,3073,11,0
2024-01-22 11:00:00,1.08912,1.09018,1.08894,1.08963,1819,11,0
2024-01-22 12:00:00,1.08963,1.08964,1.08851,1.08862,1569,11,0
2024-01-22 13:00:00,1.08861,1.08897,1.0881,1.08896,1738,11,0
2024-01-22 14:00:00,1.08895,1.0899,1.08874,1.0892,1976,11,0
2024-01-22 15:00:00,1.08919,1.08947,1.08795,1.0891,2448,11,0
2024-01-22 16:00:00,1.0891,1.08957,1.08849,1.0889199999999999,2568,11,0
2024-01-22 17:00:00,1.0889,1.08975,1.0882,1.08847,2599,11,0
2024-01-22 18:00:00,1.08847,1.08939,1.08815,1.08934,1889,11,0
2024-01-22 19:00:00,1.08937,1.08994,1.08902,1.08957,1421,11,0
2024-01-22 20:00:00,1.08958,1.08959,1.08832,1.08895,1613,11,0
2024-01-22 21:00:00,1.08895,1.08904,1.08796,1.08843,1502,11,0
2024-01-22 22:00:00,1.08843,1.08849,1.08798,1.08837,1173,11,0
2024-01-22 23:00:00,1.08837,1.08844,1.0881,1.08821,566,11,0
2024-01-23 00:00:00,1.08803,1.08839,1.08789,1.08815,464,11,0
2024-01-23 01:00:00,1.08814,1.08814,1.08764,1.08768,704,11,0
2024-01-23 02:00:00,1.0877,1.08835,1.0875,1.08826,963,11,0
2024-01-23 03:00:00,1.08826,1.08879,1.08761,1.08877,1429,11,0
2024-01-23 04:00:00,1.08877,1.08933,1.08842,1.08868,1841,11,0
2024-01-23 05:00:00,1.08869,1.08944,1.08847,1.08923,2308,11,0
2024-01-23 06:00:00,1.08922,1.08981,1.0891,1.08979,1077,11,0
2024-01-23 07:00:00,1.08982,1.0907499999999999,1.08961,1.09063,1376,11,0
2024-01-23 08:00:00,1.09065,1.0913599999999999,1.09009,1.09134,2305,11,0
2024-01-23 09:00:00,1.09134,1.09156,1.09032,1.09077,3334,11,0
2024-01-23 10:00:00,1.09078,1.091,1.08917,1.08945,3107,11,0
2024-01-23 11:00:00,1.08945,1.08945,1.08832,1.0887,2760,11,0
2024-01-23 12:00:00,1.08869,1.08878,1.08668,1.08689,2501,11,0
2024-01-23 13:00:00,1.08691,1.08716,1.08595,1.08659,2374,11,0
2024-01-23 14:00:00,1.08659,1.08727,1.08597,1.08632,2455,11,0
2024-01-23 15:00:00,1.08636,1.08753,1.08636,1.08735,2892,11,0
2024-01-23 16:00:00,1.08735,1.08735,1.08478,1.08522,3398,11,0
2024-01-23 17:00:00,1.08523,1.08577,1.0821,1.08301,3186,11,0
2024-01-23 18:00:00,1.08303,1.08388,1.08252,1.08275,2355,11,0
2024-01-23 19:00:00,1.08275,1.08349,1.08235,1.08308,1876,11,0
2024-01-23 20:00:00,1.08308,1.08388,1.08299,1.08365,1596,11,0
2024-01-23 21:00:00,1.08363,1.08471,1.08353,1.08446,1226,11,0
2024-01-23 22:00:00,1.08446,1.08496,1.0843,1.08491,1039,11,0
2024-01-23 23:00:00,1.08493,1.08555,1.08476,1.08531,749,11,0
2024-01-24 00:00:00,1.08412,1.08546,1.08411,1.08527,525,15,0
2024-01-24 01:00:00,1.08526,1.08585,1.08523,1.08567,451,11,0
2024-01-24 02:00:00,1.08567,1.08593,1.08548,1.08554,987,11,0
2024-01-24 03:00:00,1.08554,1.08589,1.08507,1.08575,2051,11,0
2024-01-24 04:00:00,1.08575,1.08579,1.08526,1.08565,1574,11,0
2024-01-24 05:00:00,1.08565,1.08609,1.08561,1.08583,1054,11,0
2024-01-24 06:00:00,1.08584,1.08654,1.08577,1.0864,952,11,0
2024-01-24 07:00:00,1.0864,1.0864,1.08586,1.0861399999999999,1136,11,0
2024-01-24 08:00:00,1.08615,1.08659,1.08601,1.08628,1186,11,0
2024-01-24 09:00:00,1.08625,1.08789,1.08597,1.08728,2622,11,0
2024-01-24 10:00:00,1.08729,1.08788,1.08619,1.08693,4192,11,0
2024-01-24 11:00:00,1.087,1.09071,1.0869,1.09022,3719,11,0
2024-01-24 12:00:00,1.0902,1.09043,1.08925,1.08971,3015,11,0
2024-01-24 13:00:00,1.08971,1.0901,1.08903,1.08922,2197,11,0
2024-01-24 14:00:00,1.08922,1.08987,1.08869,1.08941,2679,11,0
2024-01-24 15:00:00,1.08941,1.09265,1.08929,1.09244,4201,11,0
2024-01-24 16:00:00,1.09244,1.0931899999999999,1.09008,1.09026,3930,11,0
2024-01-24 17:00:00,1.09029,1.09068,1.08927,1.09003,3803,11,0
2024-01-24 18:00:00,1.09003,1.09047,1.089,1.08999,3001,11,0
2024-01-24 19:00:00,1.08998,1.0908,1.08948,1.09047,1954,11,0
2024-01-24 20:00:00,1.09045,1.09055,1.08898,1.08921,2356,11,0
2024-01-24 21:00:00,1.08921,1.08926,1.08808,1.08878,1960,11,0
2024-01-24 22:00:00,1.08876,1.089,1.0878700000000001,1.08794,1599,11,0
2024-01-24 23:00:00,1.08789,1.08846,1.08771,1.08835,790,11,0
2024-01-25 00:00:00,1.08827,1.08858,1.08806,1.08841,452,15,0
2024-01-25 01:00:00,1.08838,1.08858,1.08804,1.08805,633,11,0
2024-01-25 02:00:00,1.08806,1.08807,1.08717,1.0873599999999999,1145,11,0
2024-01-25 03:00:00,1.08734,1.08781,1.08696,1.0877,1453,11,0
2024-01-25 04:00:00,1.08773,1.08794,1.08743,1.08766,1089,11,0
2024-01-25 05:00:00,1.08768,1.08812,1.08768,1.08772,754,11,0
2024-01-25 06:00:00,1.08772,1.08808,1.08738,1.08751,720,11,0
2024-01-25 07:00:00,1.0875,1.08784,1.08742,1.08777,794,11,0
2024-01-25 08:00:00,1.08778,1.0886,1.08751,1.08856,1075,11,0
2024-01-25 09:00:00,1.08855,1.0890900000000001,1.08835,1.08873,1572,11,0
2024-01-25 10:00:00,1.08871,1.08989,1.08824,1.08983,2301,11,0
2024-01-25 11:00:00,1.08983,1.08991,1.08911,1.08952,2035,13,0
2024-01-25 12:00:00,1.08952,1.08982,1.08912,1.08922,1723,13,0
2024-01-25 13:00:00,1.08924,1.08947,1.08861,1.08942,1338,13,0
2024-01-25 14:00:00,1.08942,1.08951,1.0885,1.08875,1507,13,0
2024-01-25 15:00:00,1.08876,1.09012,1.0866500000000001,1.08783,4046,11,0
2024-01-25 16:00:00,1.08785,1.08785,1.08524,1.08597,4497,11,0
2024-01-25 17:00:00,1.08597,1.08609,1.08288,1.08312,3782,11,0
2024-01-25 18:00:00,1.08311,1.08391,1.08237,1.08356,2527,11,0
2024-01-25 19:00:00,1.08358,1.08514,1.08307,1.08371,2464,11,0
2024-01-25 20:00:00,1.08372,1.0846,1.08294,1.08296,2454,11,0
2024-01-25 21:00:00,1.08295,1.0836999999999999,1.08216,1.08354,1882,11,0
2024-01-25 22:00:00,1.08355,1.084,1.08329,1.08393,1437,11,0
2024-01-25 23:00:00,1.08393,1.08476,1.08385,1.08467,916,11,0
2024-01-26 00:00:00,1.08396,1.08471,1.08372,1.08455,877,15,0
2024-01-26 01:00:00,1.08455,1.08471,1.08423,1.0845,1182,11,0
2024-01-26 02:00:00,1.0845,1.08453,1.08368,1.08393,1501,11,0
2024-01-26 03:00:00,1.08393,1.08461,1.08386,1.08439,2363,11,0
2024-01-26 04:00:00,1.08439,1.08484,1.08433,1.08437,1504,11,0
2024-01-26 05:00:00,1.08437,1.0847,1.08434,1.08444,850,11,0
2024-01-26 06:00:00,1.08444,1.08446,1.08374,1.0839,878,11,0
2024-01-26 07:00:00,1.08389,1.08433,1.08378,1.08419,1221,11,0
2024-01-26 08:00:00,1.08419,1.08422,1.08278,1.08287,2103,11,0
2024-01-26 09:00:00,1.08287,1.08299,1.08122,1.08189,4150,11,0
2024-01-26 10:00:00,1.08189,1.08416,1.08168,1.08396,3633,11,0
2024-01-26 11:00:00,1.08397,1.08499,1.08336,1.08437,3404,11,0
2024-01-26 12:00:00,1.08436,1.08657,1.08436,1.08643,2565,11,0
2024-01-26 13:00:00,1.08641,1.08756,1.08637,1.0874,2573,11,0
2024-01-26 14:00:00,1.0874,1.08753,1.08651,1.08669,2126,11,0
2024-01-26 15:00:00,1.08669,1.08849,1.08557,1.08715,5268,11,0
2024-01-26 16:00:00,1.08714,1.08797,1.0860400000000001,1.08733,3950,11,0
2024-01-26 17:00:00,1.08729,1.08729,1.08545,1.08635,3825,11,0
2024-01-26 18:00:00,1.08634,1.08689,1.08584,1.08644,2468,11,0
2024-01-26 19:00:00,1.08643,1.08699,1.08586,1.08632,2100,11,0
2024-01-26 20:00:00,1.08632,1.08655,1.08534,1.0855299999999999,2021,11,0
2024-01-26 21:00:00,1.0855299999999999,1.08612,1.08547,1.08576,1280,11,0
2024-01-26 22:00:00,1.08576,1.08616,1.08526,1.08538,1354,11,0
2024-01-26 23:00:00,1.08537,1.08562,1.08514,1.08539,655,11,0
2024-01-29 00:00:00,1.08417,1.08465,1.08405,1.08426,1035,20,0
2024-01-29 01:00:00,1.08426,1.08486,1.08413,1.08417,2188,11,0
2024-01-29 02:00:00,1.08417,1.08444,1.08406,1.08443,1802,11,0
2024-01-29 03:00:00,1.08443,1.08484,1.08428,1.08435,2533,11,0
2024-01-29 04:00:00,1.08435,1.08447,1.0838700000000001,1.0843,1575,11,0
2024-01-29 05:00:00,1.08432,1.08462,1.0842,1.08445,1113,11,0
2024-01-29 06:00:00,1.08445,1.08472,1.08433,1.08441,870,11,0
2024-01-29 07:00:00,1.08441,1.08444,1.0839,1.08394,1490,11,0
2024-01-29 08:00:00,1.08394,1.08467,1.0838700000000001,1.0846,1600,11,0
2024-01-29 09:00:00,1.0846,1.08495,1.08344,1.08366,2902,11,0
2024-01-29 10:00:00,1.08366,1.08414,1.08325,1.08341,3276,11,0
2024-01-29 11:00:00,1.08341,1.0835,1.08226,1.08246,2812,11,0
2024-01-29 12:00:00,1.08246,1.0824799999999999,1.08134,1.08186,2208,11,0
2024-01-29 13:00:00,1.08186,1.08266,1.08158,1.08223,1826,11,0
2024-01-29 14:00:00,1.08224,1.08362,1.08197,1.08215,2253,11,0
2024-01-29 15:00:00,1.08217,1.0824,1.08132,1.08198,3156,11,0
2024-01-29 16:00:00,1.08198,1.08221,1.08036,1.08063,3237,11,0
2024-01-29 17:00:00,1.08064,1.08101,1.07956,1.07969,3039,11,0
2024-01-29 18:00:00,1.07968,1.0808200000000001,1.07954,1.08054,2325,11,0
2024-01-29 19:00:00,1.08054,1.08155,1.08051,1.08111,1621,11,0
2024-01-29 20:00:00,1.08111,1.08127,1.08088,1.08109,1166,11,0
2024-01-29 21:00:00,1.08109,1.08194,1.08093,1.08183,1109,11,0
2024-01-29 22:00:00,1.08188,1.08398,1.0818699999999999,1.08305,3243,11,0
2024-01-29 23:00:00,1.08304,1.08344,1.0826,1.08328,885,11,0
2024-01-30 00:00:00,1.0831,1.08331,1.08233,1.0833,539,15,0
2024-01-30 01:00:00,1.08333,1.08363,1.0832600000000001,1.0833,445,11,0
2024-01-30 02:00:00,1.0833,1.08415,1.0833,1.08403,1343,11,0
2024-01-30 03:00:00,1.08405,1.08405,1.08317,1.08344,2174,11,0
2024-01-30 04:00:00,1.08344,1.08356,1.08292,1.08336,1394,11,0
2024-01-30 05:00:00,1.08336,1.08338,1.08297,1.08301,926,11,0
2024-01-30 06:00:00,1.08301,1.0833,1.08235,1.08246,973,11,0
2024-01-30 07:00:00,1.08247,1.08284,1.08212,1.0822,995,11,0
2024-01-30 08:00:00,1.08222,1.08254,1.08134,1.08144,1413,11,0
2024-01-30 09:00:00,1.08141,1.08237,1.08114,1.08222,2310,11,0
2024-01-30 10:00:00,1.08254,1.08315,1.08158,1.08212,3700,11,0
2024-01-30 11:00:00,1.08211,1.08289,1.08171,1.08263,2680,11,0
2024-01-30 12:00:00,1.08263,1.084,1.08225,1.08378,2380,11,0
2024-01-30 13:00:00,1.08378,1.08476,1.08366,1.08416,2115,11,0
2024-01-30 14:00:00,1.08413,1.08494,1.0836,1.08471,1948,11,0
2024-01-30 15:00:00,1.08471,1.08481,1.08334,1.08339,3490,11,0
2024-01-30 16:00:00,1.0834,1.08565,1.08291,1.08497,4029,11,0
2024-01-30 17:00:00,1.08498,1.08528,1.08275,1.08365,4961,11,0
2024-01-30 18:00:00,1.08365,1.08437,1.08338,1.08425,3160,11,0
2024-01-30 19:00:00,1.08426,1.08468,1.08362,1.08384,2097,11,0
2024-01-30 20:00:00,1.08383,1.08383,1.0831,1.08353,1835,11,0
2024-01-30 21:00:00,1.08351,1.08466,1.08351,1.08455,1970,11,0
2024-01-30 22:00:00,1.08456,1.0848,1.08402,1.08441,2329,11,0
2024-01-30 23:00:00,1.08445,1.08463,1.0842,1.0845,1088,11,0
2024-01-31 00:00:00,1.0838700000000001,1.0844,1.08357,1.08425,724,16,0
2024-01-31 01:00:00,1.08426,1.08445,1.08418,1.08425,671,11,0
2024-01-31 02:00:00,1.08425,1.08477,1.08406,1.08423,2355,11,0
2024-01-31 03:00:00,1.08424,1.08432,1.08307,1.08307,2848,11,0
2024-01-31 04:00:00,1.08306,1.08307,1.08156,1.08174,2205,11,0
2024-01-31 05:00:00,1.08175,1.08184,1.08154,1.08181,1245,11,0
2024-01-31 06:00:00,1.08181,1.08216,1.08176,1.082,939,11,0
2024-01-31 07:00:00,1.082,1.08214,1.0817,1.08199,1171,11,0
2024-01-31 08:00:00,1.082,1.08214,1.08144,1.0815,1345,11,0
2024-01-31 09:00:00,1.08149,1.0821,1.08054,1.08156,2761,11,0
2024-01-31 10:00:00,1.08154,1.08256,1.08087,1.08183,4320,11,0
2024-01-31 11:00:00,1.0819,1.08363,1.08156,1.08217,4339,11,0
2024-01-31 12:00:00,1.08217,1.08308,1.08207,1.0824799999999999,2486,11,0
2024-01-31 13:00:00,1.08251,1.08398,1.0824799999999999,1.08384,2545,11,0
2024-01-31 14:00:00,1.08385,1.08424,1.08329,1.08362,2578,11,0
2024-01-31 15:00:00,1.08362,1.08624,1.0834,1.0857,5071,11,0
2024-01-31 16:00:00,1.08568,1.0886,1.08516,1.08794,4971,11,0
2024-01-31 17:00:00,1.08793,1.08868,1.08536,1.08607,5396,11,0
2024-01-31 18:00:00,1.0861,1.08672,1.08443,1.08539,4239,11,0
2024-01-31 19:00:00,1.08539,1.0854,1.08413,1.0849199999999999,2490,11,0
2024-01-31 20:00:00,1.0849199999999999,1.0852,1.08432,1.08443,2609,11,0
2024-01-31 21:00:00,1.08446,1.08635,1.08152,1.08402,7481,13,0
2024-01-31 22:00:00,1.08399,1.08409,1.07943,1.08073,6340,11,0
2024-01-31 23:00:00,1.0807,1.08191,1.08048,1.08169,2015,11,0
2024-02-01 00:00:00,1.08155,1.08193,1.08067,1.0813,511,11,0
2024-02-01 01:00:00,1.0812599999999999,1.08154,1.08026,1.08033,965,11,0
2024-02-01 02:00:00,1.08033,1.08139,1.08013,1.08077,2173,11,0
2024-02-01 03:00:00,1.08077,1.08119,1.08039,1.08084,2951,11,0
2024-02-01 04:00:00,1.08083,1.08212,1.08079,1.0818699999999999,2356,11,0
2024-02-01 05:00:00,1.0818699999999999,1.08201,1.08103,1.08112,1745,11,0
2024-02-01 06:00:00,1.08113,1.08131,1.08046,1.08072,1233,11,0
2024-02-01 07:00:00,1.08072,1.08072,1.08022,1.08022,1590,11,0
2024-02-01 08:00:00,1.08022,1.08044,1.07932,1.07954,1940,11,0
2024-02-01 09:00:00,1.07942,1.07968,1.07833,1.07929,3423,11,0
2024-02-01 10:00:00,1.07928,1.07935,1.07794,1.07911,4350,11,0
2024-02-01 11:00:00,1.07911,1.0801,1.0786,1.07978,3812,11,0
2024-02-01 12:00:00,1.07978,1.08023,1.0790899999999999,1.07926,3389,11,0
2024-02-01 13:00:00,1.07926,1.08127,1.0792,1.08078,3361,11,0
2024-02-01 14:00:00,1.08078,1.08193,1.08049,1.08147,4657,11,0
2024-02-01 15:00:00,1.08145,1.08268,1.08081,1.08133,4908,11,0
2024-02-01 16:00:00,1.08133,1.08292,1.0811,1.08263,4049,11,0
2024-02-01 17:00:00,1.0826500000000001,1.08313,1.08071,1.08259,5516,11,0
2024-02-01 18:00:00,1.08259,1.08654,1.08259,1.08639,4641,11,0
2024-02-01 19:00:00,1.08642,1.08742,1.08601,1.08722,3887,11,0
2024-02-01 20:00:00,1.08722,1.08728,1.08624,1.08693,3409,11,0
2024-02-01 21:00:00,1.08692,1.08743,1.08673,1.08715,2797,11,0
2024-02-01 22:00:00,1.08714,1.08742,1.08676,1.08709,1988,11,0
2024-02-01 23:00:00,1.0871,1.08725,1.0867499999999999,1.08713,1387,11,0
2024-02-02 00:00:00,1.08715,1.08737,1.08639,1.0871,633,15,0
2024-02-02 01:00:00,1.08722,1.08757,1.08718,1.08737,701,11,0
2024-02-02 02:00:00,1.0873599999999999,1.08793,1.0871,1.08722,1285,11,0
2024-02-02 03:00:00,1.08722,1.08754,1.08695,1.0871,2206,11,0
2024-02-02 04:00:00,1.08711,1.08781,1.08708,1.08778,1524,11,0
2024-02-02 05:00:00,1.08778,1.08784,1.08728,1.08762,1150,11,0
2024-02-02 06:00:00,1.08762,1.08767,1.08714,1.08725,1123,11,0
2024-02-02 07:00:00,1.0872600000000001,1.08818,1.08717,1.08768,1469,11,0
2024-02-02 08:00:00,1.08767,1.08805,1.08733,1.08753,1775,11,0
2024-02-02 09:00:00,1.08745,1.08865,1.0873599999999999,1.08802,2786,11,0
2024-02-02 10:00:00,1.08803,1.08897,1.0873,1.08789,3073,11,0
2024-02-02 11:00:00,1.0878700000000001,1.0897000000000001,1.0878700000000001,1.08901,2706,11,0
2024-02-02 12:00:00,1.089,1.08944,1.08803,1.08839,2074,11,0
2024-02-02 13:00:00,1.0884,1.08859,1.08776,1.0883099999999999,2139,11,0
2024-02-02 14:00:00,1.0883099999999999,1.08844,1.0877,1.08798,2245,11,0
2024-02-02 15:00:00,1.08798,1.08855,1.08029,1.08069,4383,11,0
2024-02-02 16:00:00,1.0806499999999999,1.08163,1.0791,1.08085,4252,11,0
2024-02-02 17:00:00,1.08071,1.0811,1.07827,1.08019,3972,11,0
2024-02-02 18:00:00,1.08019,1.08032,1.07819,1.07856,2948,11,0
2024-02-02 19:00:00,1.07856,1.0792,1.07803,1.07829,2545,11,0
2024-02-02 20:00:00,1.07829,1.07905,1.07799,1.07876,2245,11,0
2024-02-02 21:00:00,1.07877,1.0795,1.07856,1.07919,1893,11,0
2024-02-02 22:00:00,1.07919,1.07968,1.07913,1.07925,1884,11,0
2024-02-02 23:00:00,1.07924,1.07934,1.07869,1.07871,966,11,0
2024-02-05 00:00:00,1.0785,1.07865,1.07778,1.0779,592,16,0
2024-02-05 01:00:00,1.07796,1.07829,1.07693,1.07791,1654,11,0
2024-02-05 02:00:00,1.07792,1.07825,1.07667,1.07718,4129,11,0
2024-02-05 03:00:00,1.07719,1.07782,1.0768,1.0777700000000001,2814,11,0
2024-02-05 04:00:00,1.07775,1.07806,1.07751,1.07782,2198,11,0
2024-02-05 05:00:00,1.07782,1.07803,1.07739,1.07784,1416,11,0
2024-02-05 06:00:00,1.07784,1.07794,1.07749,1.07784,903,11,0
2024-02-05 07:00:00,1.07785,1.07817,1.07727,1.07815,1755,11,0
2024-02-05 08:00:00,1.07815,1.07843,1.07768,1.07775,1818,11,0
2024-02-05 09:00:00,1.07769,1.07826,1.07721,1.07797,2325,11,0
2024-02-05 10:00:00,1.07797,1.07856,1.07629,1.07661,3588,11,0
2024-02-05 11:00:00,1.07662,1.07722,1.07514,1.07531,2977,11,0
2024-02-05 12:00:00,1.07531,1.07556,1.07472,1.07489,2848,11,0
2024-02-05 13:00:00,1.07492,1.0758,1.07464,1.07542,2650,11,0
2024-02-05 14:00:00,1.07542,1.07572,1.07488,1.07491,3029,11,0
2024-02-05 15:00:00,1.07491,1.07501,1.07357,1.07369,3319,11,0
2024-02-05 16:00:00,1.0737,1.07443,1.07344,1.07414,3696,11,0
2024-02-05 17:00:00,1.07298,1.0737700000000001,1.07225,1.07248,5539,11,0
2024-02-05 18:00:00,1.07247,1.07355,1.07241,1.07348,2634,11,0
2024-02-05 19:00:00,1.07348,1.07423,1.07335,1.07388,2089,11,0
2024-02-05 20:00:00,1.07388,1.07461,1.07369,1.07435,1885,11,0
2024-02-05 21:00:00,1.07435,1.07459,1.07416,1.07424,1578,11,0
2024-02-05 22:00:00,1.07424,1.07437,1.07362,1.0742,2146,11,0
2024-02-05 23:00:00,1.0742099999999999,1.07424,1.07388,1.07414,929,11,0
2024-02-06 00:00:00,1.0739,1.07433,1.07367,1.0742,423,15,0
2024-02-06 01:00:00,1.0743,1.0743,1.07403,1.07405,517,11,0
2024-02-06 02:00:00,1.07406,1.07446,1.07406,1.07433,1072,11,0
2024-02-06 03:00:00,1.07434,1.07467,1.07411,1.07447,2391,11,0
2024-02-06 04:00:00,1.07447,1.07485,1.07433,1.07454,1199,11,0
2024-02-06 05:00:00,1.07454,1.07481,1.07428,1.07433,1506,11,0
2024-02-06 06:00:00,1.07433,1.07498,1.07428,1.07483,1293,11,0
2024-02-06 07:00:00,1.07483,1.07537,1.0748199999999999,1.0753,1833,11,0
2024-02-06 08:00:00,1.0753,1.0753,1.07476,1.07505,1711,11,0
2024-02-06 09:00:00,1.07504,1.07618,1.07502,1.07514,3132,11,0
2024-02-06 10:00:00,1.07514,1.07595,1.07446,1.07457,3733,11,0
2024-02-06 11:00:00,1.07459,1.07467,1.0725,1.07285,3208,11,0
2024-02-06 12:00:00,1.07285,1.07359,1.0727,1.07287,2436,11,0
2024-02-06 13:00:00,1.07287,1.07425,1.07237,1.07381,2129,11,0
2024-02-06 14:00:00,1.07381,1.07386,1.0722,1.07353,2532,11,0
2024-02-06 15:00:00,1.07353,1.07433,1.07274,1.0729899999999999,4270,11,0
2024-02-06 16:00:00,1.07297,1.07431,1.07285,1.07398,4758,11,0
2024-02-06 17:00:00,1.07399,1.07479,1.07362,1.07427,4715,11,0
2024-02-06 18:00:00,1.07427,1.07528,1.07385,1.075,3478,11,0
2024-02-06 19:00:00,1.0749900000000001,1.07546,1.07473,1.07506,3119,11,0
2024-02-06 20:00:00,1.07505,1.0755,1.07428,1.07534,3272,11,0
2024-02-06 21:00:00,1.07533,1.0754,1.07462,1.07487,3020,11,0
2024-02-06 22:00:00,1.07489,1.07568,1.07488,1.07561,1937,11,0
2024-02-06 23:00:00,1.07556,1.07558,1.07519,1.07529,981,11,0
2024-02-07 00:00:00,1.07513,1.07548,1.07483,1.07523,612,13,0
2024-02-07 01:00:00,1.07527,1.07564,1.07516,1.07563,478,11,0
2024-02-07 02:00:00,1.07563,1.0759,1.07554,1.07585,1400,11,0
2024-02-07 03:00:00,1.07584,1.07644,1.07583,1.0763,2458,11,0
2024-02-07 04:00:00,1.0763,1.07654,1.07612,1.07631,1638,11,0
2024-02-07 05:00:00,1.07632,1.0766,1.07579,1.07583,1083,11,0
2024-02-07 06:00:00,1.07583,1.07595,1.0756000000000001,1.07586,940,11,0
2024-02-07 07:00:00,1.07586,1.07638,1.07575,1.07623,1509,11,0
2024-02-07 08:00:00,1.07622,1.07651,1.07561,1.0760399999999999,1560,11,0
2024-02-07 09:00:00,1.0761,1.07724,1.07603,1.0772,2836,11,0
2024-02-07 10:00:00,1.07719,1.07729,1.07599,1.07621,3239,11,0
2024-02-07 11:00:00,1.07621,1.07703,1.07574,1.07689,2963,11,0
2024-02-07 12:00:00,1.07688,1.07702,1.07622,1.07637,3498,11,0
2024-02-07 13:00:00,1.07637,1.07734,1.07617,1.07704,2659,11,0
2024-02-07 14:00:00,1.07705,1.07747,1.07654,1.07732,3032,11,0
2024-02-07 15:00:00,1.07735,1.07834,1.07662,1.07697,3272,11,0
2024-02-07 16:00:00,1.07697,1.07775,1.07649,1.07708,4849,11,0
2024-02-07 17:00:00,1.07708,1.07794,1.07553,1.07562,4598,11,0
2024-02-07 18:00:00,1.07565,1.07706,1.07558,1.0767,3121,11,0
2024-02-07 19:00:00,1.07671,1.07674,1.07586,1.07643,2398,11,0
2024-02-07 20:00:00,1.07642,1.07731,1.07638,1.07706,2733,11,0
2024-02-07 21:00:00,1.07707,1.07748,1.07693,1.07714,1796,11,0
2024-02-07 22:00:00,1.07714,1.07738,1.07704,1.07721,1546,11,0
2024-02-07 23:00:00,1.07721,1.07742,1.07711,1.07727,734,11,0
2024-02-08 00:00:00,1.07677,1.07735,1.07676,1.0771600000000001,570,15,0
2024-02-08 01:00:00,1.07718,1.07764,1.07705,1.07749,658,11,0
2024-02-08 02:00:00,1.07751,1.07789,1.07738,1.07773,1111,11,0
2024-02-08 03:00:00,1.07773,1.07791,1.07746,1.07782,2145,11,0
2024-02-08 04:00:00,1.07782,1.07827,1.07779,1.07824,1322,11,0
2024-02-08 05:00:00,1.07824,1.07844,1.0781,1.07816,979,11,0
2024-02-08 06:00:00,1.07816,1.07877,1.07788,1.07794,1237,11,0
2024-02-08 07:00:00,1.0779,1.07834,1.07778,1.07821,1135,11,0
2024-02-08 08:00:00,1.07822,1.07857,1.07806,1.07834,1332,11,0
2024-02-08 09:00:00,1.07834,1.07883,1.07761,1.07796,2986,11,0
2024-02-08 10:00:00,1.07795,1.07835,1.07678,1.07768,3389,11,0
2024-02-08 11:00:00,1.07767,1.07837,1.0773,1.07825,3290,11,0
2024-02-08 12:00:00,1.07825,1.0785,1.07705,1.07712,2205,11,0
2024-02-08 13:00:00,1.07711,1.0772599999999999,1.07606,1.07624,2211,11,0
2024-02-08 14:00:00,1.07625,1.0763,1.07493,1.07562,2794,11,0
2024-02-08 15:00:00,1.07564,1.07615,1.07411,1.07435,4823,11,0
2024-02-08 16:00:00,1.07431,1.07669,1.0743,1.07643,3810,11,0
2024-02-08 17:00:00,1.07644,1.0767,1.07507,1.07608,4153,11,0
2024-02-08 18:00:00,1.07607,1.07734,1.07597,1.07728,2578,11,0
2024-02-08 19:00:00,1.07728,1.0776,1.07709,1.07731,2263,11,0
2024-02-08 20:00:00,1.07731,1.07822,1.07727,1.07762,2682,11,0
2024-02-08 21:00:00,1.07762,1.07782,1.07722,1.07743,2046,11,0
2024-02-08 22:00:00,1.07743,1.07794,1.07743,1.07772,1610,11,0
2024-02-08 23:00:00,1.07772,1.0778,1.07754,1.07775,639,11,0
2024-02-09 00:00:00,1.07734,1.07793,1.07696,1.07754,645,14,0
2024-02-09 01:00:00,1.07753,1.07774,1.07733,1.07772,611,11,0
2024-02-09 02:00:00,1.07773,1.07781,1.07717,1.07725,1471,11,0
2024-02-09 03:00:00,1.07725,1.07781,1.07725,1.07737,1929,11,0
2024-02-09 04:00:00,1.07737,1.07778,1.0772599999999999,1.07757,1668,11,0
2024-02-09 05:00:00,1.07757,1.07769,1.07694,1.07702,836,11,0
2024-02-09 06:00:00,1.07703,1.0772,1.07688,1.07706,926,11,0
2024-02-09 07:00:00,1.07706,1.07733,1.07689,1.07705,992,11,0
2024-02-09 08:00:00,1.07706,1.07749,1.07693,1.07739,1091,11,0
2024-02-09 09:00:00,1.0774,1.07821,1.07737,1.07796,2606,11,0
2024-02-09 10:00:00,1.07798,1.07842,1.07717,1.07723,3507,11,0
2024-02-09 11:00:00,1.07722,1.07764,1.07654,1.0766499999999999,3778,11,0
2024-02-09 12:00:00,1.0766499999999999,1.07696,1.07616,1.07662,2534,11,0
2024-02-09 13:00:00,1.07662,1.07728,1.0763,1.0771,2309,11,0
2024-02-09 14:00:00,1.07711,1.0776,1.07623,1.07666,2832,11,0
2024-02-09 15:00:00,1.07666,1.0794,1.07647,1.07827,6234,11,0
2024-02-09 16:00:00,1.07825,1.07946,1.07745,1.07811,5705,11,0
2024-02-09 17:00:00,1.07811,1.07894,1.07794,1.07857,4667,11,0
2024-02-09 18:00:00,1.07859,1.07876,1.07792,1.07812,3301,11,0
2024-02-09 19:00:00,1.0781,1.07861,1.07789,1.07851,2241,11,0
2024-02-09 20:00:00,1.07851,1.07904,1.07851,1.07861,1712,11,0
2024-02-09 21:00:00,1.07861,1.07875,1.07809,1.0782,1386,11,0
2024-02-09 22:00:00,1.0782,1.07875,1.07791,1.07857,1457,11,0
2024-02-09 23:00:00,1.07857,1.07879,1.07833,1.07846,759,11,0
2024-02-12 00:00:00,1.07742,1.07862,1.07742,1.07823,347,19,0
2024-02-12 01:00:00,1.07826,1.07977,1.07826,1.07973,1521,11,0
2024-02-12 02:00:00,1.07976,1.07993,1.07961,1.07981,1521,11,0
2024-02-12 03:00:00,1.07981,1.07982,1.07929,1.07951,1045,11,0
2024-02-12 04:00:00,1.07951,1.07973,1.07924,1.07944,692,11,0
2024-02-12 05:00:00,1.07943,1.07965,1.07904,1.07912,734,11,0
2024-02-12 06:00:00,1.07912,1.07935,1.07888,1.079,592,11,0
2024-02-12 07:00:00,1.079,1.07939,1.07893,1.0790899999999999,640,11,0
2024-02-12 08:00:00,1.0790899999999999,1.07926,1.07894,1.07908,779,11,0
2024-02-12 09:00:00,1.0790899999999999,1.08052,1.07888,1.08025,2381,11,0
2024-02-12 10:00:00,1.08027,1.08027,1.07739,1.07749,3441,11,0
2024-02-12 11:00:00,1.07748,1.07775,1.07663,1.07686,2586,11,0
2024-02-12 12:00:00,1.07686,1.07783,1.07667,1.07761,2261,11,0
2024-02-12 13:00:00,1.07761,1.07773,1.07624,1.07689,2276,11,0
2024-02-12 14:00:00,1.0769,1.07731,1.07646,1.07694,2295,11,0
2024-02-12 15:00:00,1.07694,1.07732,1.07605,1.07634,3374,11,0
2024-02-12 16:00:00,1.07635,1.07737,1.07626,1.07717,3239,11,0
2024-02-12 17:00:00,1.07717,1.0772,1.07553,1.07669,2952,11,0
2024-02-12 18:00:00,1.07669,1.07768,1.07648,1.07727,2664,11,0
2024-02-12 19:00:00,1.07728,1.07819,1.07724,1.07818,2211,11,0
2024-02-12 20:00:00,1.07819,1.07856,1.078,1.07807,2047,11,0
2024-02-12 21:00:00,1.07807,1.07824,1.07673,1.07688,1785,11,0
2024-02-12 22:00:00,1.07688,1.07745,1.07688,1.07736,1695,11,0
2024-02-12 23:00:00,1.07735,1.07745,1.07697,1.07709,818,11,0
2024-02-13 00:00:00,1.07703,1.07738,1.07684,1.07709,620,12,0
2024-02-13 01:00:00,1.07718,1.07724,1.07693,1.07713,658,11,0
2024-02-13 02:00:00,1.07713,1.07727,1.0766499999999999,1.07725,1133,11,0
2024-02-13 03:00:00,1.07725,1.07741,1.07651,1.07663,979,11,0
2024-02-13 04:00:00,1.07664,1.07664,1.07615,1.07638,1086,11,0
2024-02-13 05:00:00,1.07638,1.07642,1.076,1.07611,1054,11,0
2024-02-13 06:00:00,1.07611,1.07637,1.07606,1.07632,696,11,0
2024-02-13 07:00:00,1.0763,1.07674,1.0763,1.07663,665,11,0
2024-02-13 08:00:00,1.07663,1.07719,1.07657,1.07699,1117,12,0
2024-02-13 09:00:00,1.077,1.07771,1.07652,1.07708,3153,11,0
2024-02-13 10:00:00,1.0771,1.07741,1.07618,1.07671,3036,11,0
2024-02-13 11:00:00,1.07672,1.0769,1.07562,1.0766,2734,11,0
2024-02-13 12:00:00,1.0766,1.07757,1.07658,1.07717,2575,11,0
2024-02-13 13:00:00,1.07717,1.07813,1.07715,1.07773,2192,11,0
2024-02-13 14:00:00,1.07771,1.0786,1.07756,1.0785,2546,11,0
2024-02-13 15:00:00,1.0785,1.07951,1.07024,1.0708,5734,11,0
2024-02-13 16:00:00,1.07079,1.07232,1.07001,1.07174,5396,11,0
2024-02-13 17:00:00,1.0718,1.07262,1.07054,1.07163,4579,11,0
2024-02-13 18:00:00,1.07163,1.07215,1.07121,1.07187,3322,11,0
2024-02-13 19:00:00,1.07187,1.07196,1.07117,1.07148,2432,11,0
2024-02-13 20:00:00,1.07149,1.07197,1.07071,1.07079,2045,11,0
2024-02-13 21:00:00,1.07076,1.07076,1.07002,1.07008,2480,11,0
2024-02-13 22:00:00,1.07007,1.07096,1.07002,1.07066,2097,11,0
2024-02-13 23:00:00,1.07065,1.07095,1.07065,1.07089,807,11,0
2024-02-14 00:00:00,1.0708,1.07119,1.07073,1.07093,578,15,0
2024-02-14 01:00:00,1.07102,1.07103,1.07073,1.0708,572,11,0
2024-02-14 02:00:00,1.0708,1.07138,1.07054,1.07073,1437,11,0
2024-02-14 03:00:00,1.07074,1.07118,1.07029,1.07112,2031,11,0
2024-02-14 04:00:00,1.07111,1.07134,1.07081,1.07091,1542,11,0
2024-02-14 05:00:00,1.07092,1.0713300000000001,1.07077,1.07119,1385,11,0
2024-02-14 06:00:00,1.07118,1.07141,1.07088,1.07139,1155,11,0
2024-02-14 07:00:00,1.07139,1.07147,1.0711,1.07135,1383,11,0
2024-02-14 08:00:00,1.07135,1.07182,1.07134,1.07156,1374,11,0
2024-02-14 09:00:00,1.07157,1.07168,1.07046,1.0707,3334,11,0
2024-02-14 10:00:00,1.07071,1.07077,1.06943,1.07018,3796,11,0
2024-02-14 11:00:00,1.07018,1.07053,1.06956,1.06996,2917,11,0
2024-02-14 12:00:00,1.06996,1.07039,1.06958,1.07031,2416,11,0
2024-02-14 13:00:00,1.07032,1.07097,1.06966,1.07075,2448,11,0
2024-02-14 14:00:00,1.07074,1.07098,1.07004,1.07053,2392,11,0
2024-02-14 15:00:00,1.07053,1.07164,1.07053,1.07081,4585,11,0
2024-02-14 16:00:00,1.0708199999999999,1.07225,1.07061,1.07157,4658,11,0
2024-02-14 17:00:00,1.07156,1.07246,1.07128,1.07208,4167,11,0
2024-02-14 18:00:00,1.07208,1.0734,1.07187,1.07334,3384,11,0
2024-02-14 19:00:00,1.07335,1.07335,1.07273,1.07301,2679,11,0
2024-02-14 20:00:00,1.07302,1.07333,1.0725500000000001,1.07265,2127,11,0
2024-02-14 21:00:00,1.07265,1.07291,1.07249,1.07277,2096,11,0
2024-02-14 22:00:00,1.07277,1.07283,1.0725500000000001,1.07272,2099,11,0
2024-02-14 23:00:00,1.0727,1.07279,1.0725,1.07269,1021,11,0
2024-02-15 00:00:00,1.07223,1.07283,1.07223,1.07256,538,14,0
2024-02-15 01:00:00,1.07258,1.07319,1.07258,1.07314,672,11,0
2024-02-15 02:00:00,1.07317,1.07351,1.07286,1.07336,1396,11,0
2024-02-15 03:00:00,1.07336,1.07346,1.07258,1.07279,1542,11,0
2024-02-15 04:00:00,1.07279,1.0731,1.07254,1.07288,1129,11,0
2024-02-15 05:00:00,1.0729,1.073,1.07246,1.07249,1190,11,0
2024-02-15 06:00:00,1.0725,1.07263,1.07241,1.0725500000000001,1002,11,0
2024-02-15 07:00:00,1.07257,1.07317,1.07254,1.07285,1292,11,0
2024-02-15 08:00:00,1.07286,1.07332,1.07266,1.07302,1442,11,0
2024-02-15 09:00:00,1.073,1.07407,1.07271,1.07325,3098,11,0
2024-02-15 10:00:00,1.07325,1.07369,1.07291,1.07304,3371,11,0
2024-02-15 11:00:00,1.07301,1.07364,1.07275,1.07325,2636,11,0
2024-02-15 12:00:00,1.07326,1.07364,1.07302,1.07341,2295,11,0
2024-02-15 13:00:00,1.07341,1.07396,1.07332,1.07349,1786,11,0
2024-02-15 14:00:00,1.07349,1.0748,1.07348,1.07444,2042,11,0
2024-02-15 15:00:00,1.07444,1.07721,1.07422,1.07659,5435,11,0
2024-02-15 16:00:00,1.0765,1.07823,1.07585,1.07756,4563,11,0
2024-02-15 17:00:00,1.07756,1.07843,1.0758,1.07606,3101,11,0
2024-02-15 18:00:00,1.07607,1.07626,1.07546,1.07591,2584,11,0
2024-02-15 19:00:00,1.07591,1.07624,1.07559,1.07619,1819,11,0
2024-02-15 20:00:00,1.0762,1.0767,1.076,1.0766499999999999,1624,11,0
2024-02-15 21:00:00,1.0766499999999999,1.07717,1.07661,1.07684,1662,11,0
2024-02-15 22:00:00,1.07684,1.07712,1.07675,1.07709,1539,11,0
2024-02-15 23:00:00,1.07707,1.07735,1.07697,1.07724,715,11,0
2024-02-16 00:00:00,1.07668,1.07718,1.07638,1.07704,350,15,0
2024-02-16 01:00:00,1.0771600000000001,1.07762,1.07709,1.0772,634,11,0
2024-02-16 02:00:00,1.0772,1.07732,1.07606,1.07643,1531,11,0
2024-02-16 03:00:00,1.07644,1.07657,1.07607,1.07642,1849,11,0
2024-02-16 04:00:00,1.07643,1.07645,1.07593,1.07597,1478,11,0
2024-02-16 05:00:00,1.07597,1.07626,1.07585,1.07593,1318,11,0
2024-02-16 06:00:00,1.07593,1.07605,1.07568,1.07586,1315,11,0
2024-02-16 07:00:00,1.07585,1.07615,1.07579,1.07596,1611,11,0
2024-02-16 08:00:00,1.07595,1.07622,1.0758,1.07621,1411,11,0
2024-02-16 09:00:00,1.07622,1.07673,1.07596,1.07601,2924,11,0
2024-02-16 10:00:00,1.07603,1.07708,1.0759,1.07694,2997,11,0
2024-02-16 11:00:00,1.07694,1.07713,1.07634,1.07654,2754,11,0
2024-02-16 12:00:00,1.07656,1.07701,1.0762,1.07677,1911,11,0
2024-02-16 13:00:00,1.07676,1.07795,1.07664,1.07771,2019,11,0
2024-02-16 14:00:00,1.07769,1.07775,1.0767,1.07676,2385,11,0
2024-02-16 15:00:00,1.07676,1.07706,1.07315,1.07456,5324,11,0
2024-02-16 16:00:00,1.07462,1.07565,1.07403,1.0752,3880,11,0
2024-02-16 17:00:00,1.0749900000000001,1.07764,1.07481,1.07704,3569,11,0
2024-02-16 18:00:00,1.07705,1.07748,1.07652,1.07679,2452,11,0
2024-02-16 19:00:00,1.07679,1.07775,1.07621,1.07773,1833,11,0
2024-02-16 20:00:00,1.07774,1.07853,1.07733,1.07847,1728,11,0
2024-02-16 21:00:00,1.07847,1.0787,1.07748,1.07765,1790,11,0
2024-02-16 22:00:00,1.07765,1.0777,1.07723,1.07758,1755,11,0
2024-02-16 23:00:00,1.07758,1.07773,1.07742,1.07764,659,11,0
2024-02-19 00:00:00,1.07704,1.07763,1.07686,1.07723,621,22,0
2024-02-19 01:00:00,1.0772599999999999,1.07846,1.0772599999999999,1.07833,887,11,0
2024-02-19 02:00:00,1.07833,1.07884,1.07831,1.07864,1309,11,0
2024-02-19 03:00:00,1.07866,1.07874,1.07779,1.07799,1954,11,0
2024-02-19 04:00:00,1.07799,1.07813,1.07775,1.07808,1463,11,0
2024-02-19 05:00:00,1.07807,1.07828,1.07743,1.07749,1176,11,0
2024-02-19 06:00:00,1.07749,1.07806,1.07742,1.07772,1108,11,0
2024-02-19 07:00:00,1.07772,1.07823,1.07765,1.07812,1386,11,0
2024-02-19 08:00:00,1.07812,1.07862,1.07795,1.07857,1340,11,0
2024-02-19 09:00:00,1.07865,1.07889,1.07807,1.07822,2112,11,0
2024-02-19 10:00:00,1.07825,1.07868,1.07756,1.07776,2875,11,0
2024-02-19 11:00:00,1.0777700000000001,1.07828,1.0771600000000001,1.07742,2626,11,0
2024-02-19 12:00:00,1.07743,1.07783,1.07717,1.07749,1943,11,0
2024-02-19 13:00:00,1.07749,1.07812,1.0773,1.07764,1715,11,0
2024-02-19 14:00:00,1.07764,1.07791,1.07689,1.07695,1577,11,0
2024-02-19 15:00:00,1.07697,1.07783,1.07671,1.07697,2166,11,0
2024-02-19 16:00:00,1.07697,1.07701,1.07627,1.07659,2187,11,0
2024-02-19 17:00:00,1.0766,1.07682,1.07616,1.07669,2083,11,0
2024-02-19 18:00:00,1.07669,1.07702,1.07621,1.07693,1282,11,0
2024-02-19 19:00:00,1.07694,1.07759,1.0769,1.07757,756,11,0
2024-02-19 20:00:00,1.07757,1.0783,1.07754,1.07786,626,11,0
2024-02-19 21:00:00,1.07788,1.07815,1.07775,1.0778,539,11,0
2024-02-19 22:00:00,1.0778,1.07795,1.0777,1.07788,404,11,0
2024-02-19 23:00:00,1.0778699999999999,1.07818,1.07783,1.07796,372,11,0
2024-02-20 00:00:00,1.07778,1.0779,1.07682,1.07779,720,15,0
2024-02-20 01:00:00,1.07782,1.0778699999999999,1.07731,1.07749,721,11,0
2024-02-20 02:00:00,1.07749,1.07763,1.07671,1.07691,1621,11,0
2024-02-20 03:00:00,1.07691,1.07709,1.07644,1.07653,2295,11,0
2024-02-20 04:00:00,1.07653,1.07664,1.0761,1.07663,2070,11,0
2024-02-20 05:00:00,1.07663,1.0768,1.07639,1.07674,1528,11,0
2024-02-20 06:00:00,1.07674,1.07706,1.07667,1.07685,1266,11,0
2024-02-20 07:00:00,1.07685,1.07697,1.07646,1.07673,1451,11,0
2024-02-20 08:00:00,1.07673,1.07723,1.07667,1.07702,1724,11,0
2024-02-20 09:00:00,1.07704,1.07744,1.07668,1.07691,2834,11,0
2024-02-20 10:00:00,1.07692,1.07772,1.07681,1.07753,3621,11,0
2024-02-20 11:00:00,1.07751,1.07984,1.07734,1.07973,2993,11,0
2024-02-20 12:00:00,1.07974,1.08089,1.07949,1.08035,2730,11,0
2024-02-20 13:00:00,1.08035,1.08039,1.07929,1.07978,2766,11,0
2024-02-20 14:00:00,1.07977,1.08052,1.07949,1.07974,2694,11,0
2024-02-20 15:00:00,1.07974,1.08244,1.07964,1.08224,3930,11,0
2024-02-20 16:00:00,1.08228,1.08384,1.08179,1.08284,3625,11,0
2024-02-20 17:00:00,1.08286,1.08291,1.08124,1.08222,2869,11,0
2024-02-20 18:00:00,1.08222,1.08243,1.08119,1.08125,2344,11,0
2024-02-20 19:00:00,1.08125,1.0814300000000001,1.08086,1.08113,1928,11,0
2024-02-20 20:00:00,1.08112,1.08125,1.0806499999999999,1.08093,1495,11,0
2024-02-20 21:00:00,1.08091,1.08108,1.08058,1.08058,1925,11,0
2024-02-20 22:00:00,1.08058,1.08122,1.08038,1.081,1723,11,0
2024-02-20 23:00:00,1.08099,1.08102,1.08062,1.08078,587,11,0
2024-02-21 00:00:00,1.08051,1.08087,1.08039,1.08074,410,13,0
2024-02-21 01:00:00,1.08079,1.08105,1.08072,1.08092,722,11,0
2024-02-21 02:00:00,1.08094,1.08105,1.0806,1.08097,1826,11,0
2024-02-21 03:00:00,1.08096,1.08121,1.08048,1.08115,2049,11,0
2024-02-21 04:00:00,1.08115,1.08166,1.08115,1.08145,1795,11,0
2024-02-21 05:00:00,1.08146,1.08182,1.08129,1.08174,1752,11,0
2024-02-21 06:00:00,1.08175,1.08184,1.08129,1.08137,1121,11,0
2024-02-21 07:00:00,1.08138,1.08161,1.08118,1.08145,1345,11,0
2024-02-21 08:00:00,1.08145,1.08148,1.08069,1.0811,1786,11,0
2024-02-21 09:00:00,1.08111,1.08137,1.08057,1.08103,2415,11,0
2024-02-21 10:00:00,1.08103,1.08141,1.07967,1.07983,2918,11,0
2024-02-21 11:00:00,1.07983,1.07998,1.07893,1.07993,2867,11,0
2024-02-21 12:00:00,1.07993,1.08027,1.07955,1.08006,2520,11,0
2024-02-21 13:00:00,1.08006,1.08018,1.07936,1.07984,1836,11,0
2024-02-21 14:00:00,1.07986,1.08027,1.07959,1.08027,2731,11,0
2024-02-21 15:00:00,1.08027,1.0811,1.08027,1.08096,3325,11,0
2024-02-21 16:00:00,1.08097,1.08157,1.08058,1.08128,3292,11,0
2024-02-21 17:00:00,1.0812599999999999,1.08194,1.08039,1.08047,3614,11,0
2024-02-21 18:00:00,1.08048,1.08186,1.08004,1.08166,3248,11,0
2024-02-21 19:00:00,1.08168,1.08169,1.08063,1.08071,2573,11,0
2024-02-21 20:00:00,1.08071,1.08132,1.07993,1.08109,2350,11,0
2024-02-21 21:00:00,1.08111,1.08235,1.08042,1.0816,2972,11,0
2024-02-21 22:00:00,1.0816,1.08202,1.08117,1.08168,2094,11,0
2024-02-21 23:00:00,1.08167,1.08196,1.08124,1.08195,1250,11,0
2024-02-22 00:00:00,1.08157,1.08202,1.08115,1.08181,518,15,0
2024-02-22 01:00:00,1.0818699999999999,1.08222,1.0818,1.08197,724,11,0
2024-02-22 02:00:00,1.08198,1.08314,1.08194,1.08294,1517,11,0
2024-02-22 03:00:00,1.08294,1.083,1.08259,1.0826,1775,11,0
2024-02-22 04:00:00,1.0826,1.08266,1.08185,1.08254,1823,11,0
2024-02-22 05:00:00,1.08254,1.08267,1.08226,1.08253,1198,11,0
2024-02-22 06:00:00,1.08253,1.08304,1.08247,1.08297,966,11,0
2024-02-22 07:00:00,1.08297,1.08373,1.08291,1.08327,1198,11,0
2024-02-22 08:00:00,1.0832600000000001,1.08396,1.08325,1.08379,1650,11,0
2024-02-22 09:00:00,1.08381,1.08532,1.08369,1.08526,3282,11,0
2024-02-22 10:00:00,1.08527,1.08879,1.08522,1.08708,5501,11,0
2024-02-22 11:00:00,1.08707,1.08711,1.08474,1.08524,4127,11,0
2024-02-22 12:00:00,1.08524,1.08584,1.08497,1.08563,2574,11,0
2024-02-22 13:00:00,1.08565,1.08569,1.08443,1.08568,2976,11,0
2024-02-22 14:00:00,1.08569,1.08581,1.08419,1.08435,3039,11,0
2024-02-22 15:00:00,1.08434,1.08477,1.0820400000000001,1.08227,4825,11,0
2024-02-22 16:00:00,1.08226,1.08239,1.08022,1.08176,4742,11,0
2024-02-22 17:00:00,1.08173,1.0819,1.0803,1.08097,4450,11,0
2024-02-22 18:00:00,1.08098,1.0818,1.0808200000000001,1.08137,2763,11,0
2024-02-22 19:00:00,1.08138,1.08236,1.08113,1.08196,2029,11,0
2024-02-22 20:00:00,1.08197,1.08257,1.08137,1.08243,1981,11,0
2024-02-22 21:00:00,1.08244,1.08247,1.08186,1.08221,1806,11,0
2024-02-22 22:00:00,1.0822,1.08227,1.08179,1.08214,2027,11,0
2024-02-22 23:00:00,1.08213,1.08232,1.08203,1.08217,819,11,0
2024-02-23 00:00:00,1.08219,1.08232,1.08174,1.08215,561,15,0
2024-02-23 01:00:00,1.0822,1.08255,1.08209,1.08249,668,11,0
2024-02-23 02:00:00,1.0825,1.08276,1.08142,1.08214,1988,11,0
2024-02-23 03:00:00,1.08215,1.08314,1.08212,1.08264,2108,11,0
2024-02-23 04:00:00,1.08267,1.083,1.08242,1.0825,1800,11,0
2024-02-23 05:00:00,1.0825,1.08255,1.08221,1.08247,1573,11,0
2024-02-23 06:00:00,1.08247,1.0828,1.08245,1.0825,1237,11,0
2024-02-23 07:00:00,1.08251,1.0826500000000001,1.08205,1.08224,1431,11,0
2024-02-23 08:00:00,1.08223,1.0827,1.08213,1.08249,1671,11,0
2024-02-23 09:00:00,1.08251,1.08312,1.08232,1.08289,2577,11,0
2024-02-23 10:00:00,1.08291,1.0832,1.08203,1.08246,3126,11,0
2024-02-23 11:00:00,1.08246,1.08252,1.08135,1.0817,2762,11,0
2024-02-23 12:00:00,1.08171,1.08244,1.08167,1.08234,2269,11,0
2024-02-23 13:00:00,1.08234,1.0830899999999999,1.08218,1.08262,2644,11,0
2024-02-23 14:00:00,1.08263,1.0839,1.0824,1.08356,3211,11,0
2024-02-23 15:00:00,1.08356,1.08362,1.08263,1.08314,3765,11,0
2024-02-23 16:00:00,1.08311,1.08364,1.08238,1.0825,3802,11,0
2024-02-23 17:00:00,1.08249,1.08251,1.08112,1.08201,3965,11,0
2024-02-23 18:00:00,1.08202,1.08281,1.08145,1.08268,3871,11,0
2024-02-23 19:00:00,1.08268,1.08283,1.08205,1.08243,2627,11,0
2024-02-23 20:00:00,1.08243,1.08291,1.08223,1.08261,2100,11,0
2024-02-23 21:00:00,1.08261,1.08261,1.08196,1.08225,1973,11,0
2024-02-23 22:00:00,1.08225,1.08239,1.08172,1.08218,1975,11,0
2024-02-23 23:00:00,1.08216,1.08226,1.08185,1.08193,894,11,0
2024-02-26 00:00:00,1.08277,1.08282,1.08164,1.08217,690,11,0
2024-02-26 01:00:00,1.08214,1.08221,1.08183,1.08186,672,11,0
2024-02-26 02:00:00,1.08183,1.08196,1.08154,1.08161,1720,11,0
2024-02-26 03:00:00,1.08161,1.0819,1.0812,1.08159,1924,11,0
2024-02-26 04:00:00,1.08159,1.0817,1.08137,1.08166,1323,11,0
2024-02-26 05:00:00,1.08166,1.08189,1.08153,1.0818,972,11,0
2024-02-26 06:00:00,1.0818,1.08221,1.08168,1.08207,965,11,0
2024-02-26 07:00:00,1.08207,1.08237,1.08183,1.08226,1237,11,0
2024-02-26 08:00:00,1.08225,1.08249,1.08215,1.08235,1342,11,0
2024-02-26 09:00:00,1.08234,1.08363,1.08222,1.08315,2741,11,0
2024-02-26 10:00:00,1.08317,1.08351,1.08266,1.08315,3064,11,0
2024-02-26 11:00:00,1.08316,1.08398,1.083,1.08395,2196,11,0
2024-02-26 12:00:00,1.08395,1.0848200000000001,1.0838,1.08474,2016,11,0
2024-02-26 13:00:00,1.08475,1.08535,1.08443,1.08514,2121,11,0
2024-02-26 14:00:00,1.08516,1.08591,1.0848200000000001,1.08491,2112,11,0
2024-02-26 15:00:00,1.08491,1.08584,1.08477,1.08575,2653,11,0
2024-02-26 16:00:00,1.08575,1.08583,1.08435,1.08455,3156,11,0
2024-02-26 17:00:00,1.08456,1.08539,1.08381,1.08504,3096,11,0
2024-02-26 18:00:00,1.08504,1.0855,1.08465,1.08535,2716,11,0
2024-02-26 19:00:00,1.08536,1.08545,1.08429,1.08449,2130,11,0
2024-02-26 20:00:00,1.08449,1.08454,1.08391,1.0844,2085,11,0
2024-02-26 21:00:00,1.08441,1.0847,1.08434,1.08458,1788,11,0
2024-02-26 22:00:00,1.08457,1.08521,1.08457,1.08502,2005,11,0
2024-02-26 23:00:00,1.08503,1.0851,1.0849,1.08507,655,11,0
2024-02-27 00:00:00,1.08436,1.085,1.08427,1.08497,307,15,0
2024-02-27 01:00:00,1.08489,1.08508,1.08479,1.08498,691,11,0
2024-02-27 02:00:00,1.08499,1.08503,1.08461,1.08468,1544,11,0
2024-02-27 03:00:00,1.08468,1.08503,1.08448,1.08493,2114,11,0
2024-02-27 04:00:00,1.08493,1.08531,1.08476,1.0851,1509,11,0
2024-02-27 05:00:00,1.0851,1.08525,1.0848,1.08523,1522,11,0
2024-02-27 06:00:00,1.08524,1.08548,1.08519,1.08528,1100,11,0
2024-02-27 07:00:00,1.08528,1.08535,1.0848,1.08513,1450,11,0
2024-02-27 08:00:00,1.08515,1.08522,1.08465,1.08494,1596,11,0
2024-02-27 09:00:00,1.08494,1.08621,1.08494,1.08555,2386,11,0
2024-02-27 10:00:00,1.08554,1.08654,1.08525,1.08569,2630,11,0
2024-02-27 11:00:00,1.08568,1.08589,1.08511,1.08524,2448,11,0
2024-02-27 12:00:00,1.08524,1.08527,1.08412,1.08512,2222,11,0
2024-02-27 13:00:00,1.08511,1.08584,1.08474,1.0857,1966,11,0
2024-02-27 14:00:00,1.0857,1.08626,1.08552,1.08564,2166,11,0
2024-02-27 15:00:00,1.08562,1.08573,1.08444,1.08476,3326,11,0
2024-02-27 16:00:00,1.08476,1.08505,1.08354,1.08394,2573,11,0
2024-02-27 17:00:00,1.08396,1.08507,1.08325,1.08464,3354,11,0
2024-02-27 18:00:00,1.08464,1.08574,1.08442,1.08556,2940,11,0
2024-02-27 19:00:00,1.08557,1.0856,1.0848200000000001,1.08503,2229,11,0
2024-02-27 20:00:00,1.08502,1.08561,1.08484,1.0849,2586,11,0
2024-02-27 21:00:00,1.0849,1.0849,1.08402,1.08438,1682,11,0
2024-02-27 22:00:00,1.08438,1.08472,1.08413,1.08437,1647,11,0
2024-02-27 23:00:00,1.08437,1.08456,1.0843,1.08446,650,11,0
2024-02-28 00:00:00,1.08423,1.08462,1.08419,1.0843099999999999,869,15,0
2024-02-28 01:00:00,1.0843099999999999,1.08448,1.08405,1.08405,704,11,0
2024-02-28 02:00:00,1.08405,1.08453,1.08399,1.0844,1394,11,0
2024-02-28 03:00:00,1.08441,1.08441,1.08374,1.0839,1973,11,0
2024-02-28 04:00:00,1.0839,1.08397,1.08365,1.08369,1452,11,0
2024-02-28 05:00:00,1.08369,1.08376,1.08322,1.08339,1379,11,0
2024-02-28 06:00:00,1.08339,1.08352,1.08312,1.08318,1064,11,0
2024-02-28 07:00:00,1.08316,1.08327,1.0824799999999999,1.08261,1198,11,0
2024-02-28 08:00:00,1.08261,1.08288,1.08213,1.08219,1511,11,0
2024-02-28 09:00:00,1.08217,1.08244,1.0816,1.08227,2902,11,0
2024-02-28 10:00:00,1.08228,1.08236,1.08077,1.08084,3038,11,0
2024-02-28 11:00:00,1.08084,1.08117,1.0796000000000001,1.07992,3201,11,0
2024-02-28 12:00:00,1.07992,1.08172,1.07986,1.08149,2847,11,0
2024-02-28 13:00:00,1.08148,1.08175,1.08103,1.08149,1984,11,0
2024-02-28 14:00:00,1.08149,1.08203,1.08068,1.08081,2019,11,0
2024-02-28 15:00:00,1.08081,1.083,1.08061,1.0827,2965,11,0
2024-02-28 16:00:00,1.08271,1.08332,1.08209,1.08295,2070,11,0
2024-02-28 17:00:00,1.08295,1.08373,1.08256,1.08338,1728,11,0
2024-02-28 18:00:00,1.08338,1.08418,1.08308,1.08416,1585,11,0
2024-02-28 19:00:00,1.08414,1.08454,1.08334,1.08378,1257,11,0
2024-02-28 20:00:00,1.08379,1.08399,1.08323,1.08339,1133,11,0
2024-02-28 21:00:00,1.08337,1.08368,1.08321,1.08331,1178,11,0
2024-02-28 22:00:00,1.08332,1.08393,1.08323,1.08375,931,11,0
2024-02-28 23:00:00,1.08374,1.0839,1.08355,1.08378,622,11,0
2024-02-29 00:00:00,1.08331,1.08399,1.08327,1.08372,522,14,0
2024-02-29 01:00:00,1.08378,1.08399,1.08368,1.08379,786,11,0
2024-02-29 02:00:00,1.0838,1.08395,1.08339,1.08358,1530,11,0
2024-02-29 03:00:00,1.08358,1.08395,1.08273,1.08282,2808,11,0
2024-02-29 04:00:00,1.08283,1.0836,1.0828,1.0836,2811,11,0
2024-02-29 05:00:00,1.08359,1.08373,1.0833,1.08365,2015,11,0
2024-02-29 06:00:00,1.08364,1.08371,1.08335,1.08357,1664,11,0
2024-02-29 07:00:00,1.08357,1.08369,1.08311,1.08349,2483,11,0
2024-02-29 08:00:00,1.0835,1.08376,1.08316,1.08325,2130,11,0
2024-02-29 09:00:00,1.0832600000000001,1.08388,1.08255,1.08278,3259,11,0
2024-02-29 10:00:00,1.08279,1.08468,1.08279,1.0836999999999999,4107,11,0
2024-02-29 11:00:00,1.0836999999999999,1.08515,1.08369,1.085,3821,11,0
2024-02-29 12:00:00,1.08501,1.08536,1.08372,1.08372,3015,11,0
2024-02-29 13:00:00,1.08371,1.08424,1.08283,1.08339,2757,11,0
2024-02-29 14:00:00,1.08338,1.08352,1.08261,1.08285,2693,11,0
2024-02-29 15:00:00,1.08285,1.08459,1.08212,1.08373,6210,11,0
2024-02-29 16:00:00,1.08373,1.08497,1.08356,1.08461,3793,11,0
2024-02-29 17:00:00,1.0848,1.0855299999999999,1.08185,1.08218,3607,11,0
2024-02-29 18:00:00,1.08218,1.08242,1.0804,1.08056,2994,11,0
2024-02-29 19:00:00,1.08057,1.08067,1.07953,1.07992,2238,11,0
2024-02-29 20:00:00,1.07993,1.08096,1.07979,1.08087,1825,11,0
2024-02-29 21:00:00,1.08087,1.08106,1.08002,1.08019,1734,11,0
2024-02-29 22:00:00,1.08024,1.0809,1.08022,1.08079,1675,11,0
2024-02-29 23:00:00,1.08077,1.0808,1.08031,1.08042,1023,11,0
2024-03-01 00:00:00,1.07956,1.08053,1.07955,1.08039,1319,15,0
2024-03-01 01:00:00,1.08047,1.08051,1.08017,1.08051,649,11,0
2024-03-01 02:00:00,1.08051,1.08121,1.08046,1.08108,1271,11,0
2024-03-01 03:00:00,1.08108,1.08208,1.08103,1.08206,1935,11,0
2024-03-01 04:00:00,1.08206,1.08214,1.0816,1.08177,1394,11,0
2024-03-01 05:00:00,1.08177,1.08206,1.08161,1.08164,1268,11,0
2024-03-01 06:00:00,1.08165,1.08165,1.08115,1.08131,997,11,0
2024-03-01 07:00:00,1.08131,1.08137,1.08105,1.08116,949,11,0
2024-03-01 08:00:00,1.08117,1.08135,1.08075,1.08087,1274,11,0
2024-03-01 09:00:00,1.08085,1.08171,1.08083,1.0812,2824,11,0
2024-03-01 10:00:00,1.0812,1.08195,1.08085,1.08109,3997,11,0
2024-03-01 11:00:00,1.08106,1.08172,1.08079,1.08146,3673,11,0
2024-03-01 12:00:00,1.08152,1.08218,1.07978,1.08101,4214,11,0
2024-03-01 13:00:00,1.081,1.08185,1.08096,1.08182,2734,11,0
2024-03-01 14:00:00,1.08182,1.08242,1.08114,1.08125,2740,11,0
2024-03-01 15:00:00,1.08125,1.08148,1.08073,1.08123,3860,11,0
2024-03-01 16:00:00,1.08123,1.08201,1.07975,1.07997,3408,11,0
2024-03-01 17:00:00,1.08008,1.0841,1.08008,1.08346,4095,11,0
2024-03-01 18:00:00,1.08345,1.08364,1.08227,1.08302,2559,11,0
2024-03-01 19:00:00,1.08302,1.08394,1.08281,1.08371,1716,11,0
2024-03-01 20:00:00,1.08371,1.08419,1.0830899999999999,1.08393,1745,11,0
2024-03-01 21:00:00,1.08393,1.08425,1.08374,1.08406,1637,11,0
2024-03-01 22:00:00,1.08406,1.08407,1.08344,1.08369,1265,11,0
2024-03-01 23:00:00,1.08367,1.08398,1.08327,1.08393,979,11,0
2024-03-04 00:00:00,1.08353,1.08421,1.08343,1.08383,803,15,0
2024-03-04 01:00:00,1.08381,1.08434,1.08381,1.0841,1041,11,0
2024-03-04 02:00:00,1.08414,1.08474,1.08402,1.08452,1899,11,0
2024-03-04 03:00:00,1.08453,1.08453,1.08379,1.08396,2194,11,0
2024-03-04 04:00:00,1.08395,1.08452,1.08378,1.08447,1717,11,0
2024-03-04 05:00:00,1.08447,1.08451,1.08416,1.08435,1094,11,0
2024-03-04 06:00:00,1.08435,1.0845,1.08426,1.08432,801,11,0
2024-03-04 07:00:00,1.08432,1.08463,1.08421,1.08439,912,11,0
2024-03-04 08:00:00,1.08439,1.08473,1.08425,1.08464,1674,11,0
2024-03-04 09:00:00,1.08467,1.08535,1.08446,1.08532,2414,11,0
2024-03-04 10:00:00,1.08532,1.08574,1.08371,1.08443,3622,11,0
2024-03-04 11:00:00,1.08443,1.08516,1.08416,1.08485,2664,11,0
2024-03-04 12:00:00,1.08485,1.08544,1.08453,1.08531,2127,11,0
2024-03-04 13:00:00,1.08531,1.08563,1.0851,1.08558,1752,11,0
2024-03-04 14:00:00,1.08558,1.0857,1.08411,1.0842,2222,11,0
2024-03-04 15:00:00,1.0842,1.08494,1.08394,1.0848200000000001,3310,11,0
2024-03-04 16:00:00,1.08483,1.08612,1.08444,1.08592,2948,11,0
2024-03-04 17:00:00,1.08592,1.08631,1.08548,1.08627,2493,11,0
2024-03-04 18:00:00,1.08626,1.08663,1.08561,1.08609,2198,11,0
2024-03-04 19:00:00,1.08609,1.08618,1.08548,1.08574,1853,11,0
2024-03-04 20:00:00,1.08574,1.08602,1.08551,1.08559,1134,11,0
2024-03-04 21:00:00,1.08559,1.08579,1.08547,1.08561,1259,11,0
2024-03-04 22:00:00,1.08561,1.0859,1.08549,1.08552,1173,11,0
2024-03-04 23:00:00,1.08552,1.08566,1.08542,1.08554,733,11,0
2024-03-05 00:00:00,1.08533,1.08562,1.085,1.08516,2651,15,0
2024-03-05 01:00:00,1.08535,1.08575,1.08532,1.08534,443,11,0
2024-03-05 02:00:00,1.08535,1.08548,1.08508,1.08525,1140,11,0
2024-03-05 03:00:00,1.08525,1.0854,1.08469,1.08488,1692,11,0
2024-03-05 04:00:00,1.08488,1.08514,1.08478,1.08495,1598,11,0
2024-03-05 05:00:00,1.08495,1.0854300000000001,1.08489,1.08536,1032,11,0
2024-03-05 06:00:00,1.08536,1.08538,1.08493,1.08501,867,11,0
2024-03-05 07:00:00,1.08502,1.08534,1.08486,1.08524,1156,11,0
2024-03-05 08:00:00,1.08524,1.08526,1.08439,1.08461,1441,11,0
2024-03-05 09:00:00,1.08461,1.08507,1.08409,1.0846,2537,11,0
2024-03-05 10:00:00,1.0846,1.08513,1.08424,1.08465,3442,11,0
2024-03-05 11:00:00,1.08467,1.08554,1.08465,1.08509,2293,11,0
2024-03-05 12:00:00,1.08503,1.0854300000000001,1.08487,1.08496,1864,11,0
2024-03-05 13:00:00,1.08496,1.08531,1.08473,1.08494,2059,11,0
2024-03-05 14:00:00,1.08495,1.08499,1.08449,1.08468,1914,11,0
2024-03-05 15:00:00,1.08468,1.08511,1.08414,1.08457,3075,11,0
2024-03-05 16:00:00,1.0846,1.08539,1.08397,1.08449,3188,11,0
2024-03-05 17:00:00,1.08545,1.08754,1.08507,1.08709,3583,11,0
2024-03-05 18:00:00,1.0871,1.08714,1.08574,1.08603,2462,11,0
2024-03-05 19:00:00,1.0860400000000001,1.08639,1.08572,1.08594,1734,11,0
2024-03-05 20:00:00,1.08594,1.08595,1.08509,1.08522,1475,11,0
2024-03-05 21:00:00,1.08522,1.0857,1.08506,1.08523,1771,11,0
2024-03-05 22:00:00,1.08524,1.0858,1.08486,1.0857,1524,11,0
2024-03-05 23:00:00,1.08569,1.08586,1.0855,1.0856,769,11,0
2024-03-06 00:00:00,1.08507,1.08567,1.08453,1.08561,954,15,0
2024-03-06 01:00:00,1.08561,1.08582,1.08548,1.08548,598,11,0
2024-03-06 02:00:00,1.08548,1.08552,1.08485,1.08493,1573,11,0
2024-03-06 03:00:00,1.08493,1.08496,1.08415,1.08434,2077,11,0
2024-03-06 04:00:00,1.08434,1.08528,1.08433,1.08519,1980,11,0
2024-03-06 05:00:00,1.0852,1.08526,1.08497,1.08501,1338,11,0
2024-03-06 06:00:00,1.08501,1.08517,1.08489,1.08511,1380,11,0
2024-03-06 07:00:00,1.08512,1.08563,1.08512,1.08545,1309,11,0
2024-03-06 08:00:00,1.08545,1.08601,1.08542,1.0859,1535,11,0
2024-03-06 09:00:00,1.0859,1.08658,1.0858,1.08615,2826,11,0
2024-03-06 10:00:00,1.08615,1.0873599999999999,1.08586,1.0872600000000001,2782,11,0
2024-03-06 11:00:00,1.08727,1.08773,1.08689,1.0876,2194,11,0
2024-03-06 12:00:00,1.0876,1.0879,1.08728,1.08768,1840,11,0
2024-03-06 13:00:00,1.08769,1.08779,1.0871,1.08752,1551,11,0
2024-03-06 14:00:00,1.08752,1.08781,1.08671,1.08682,1968,11,0
2024-03-06 15:00:00,1.08684,1.08844,1.08679,1.08843,4148,11,0
2024-03-06 16:00:00,1.08843,1.08886,1.08825,1.08864,2997,11,0
2024-03-06 17:00:00,1.08863,1.09083,1.08808,1.09045,3571,11,0
2024-03-06 18:00:00,1.09045,1.09143,1.08989,1.09115,2757,11,0
2024-03-06 19:00:00,1.09115,1.09147,1.08986,1.09018,2595,11,0
2024-03-06 20:00:00,1.09018,1.09073,1.08998,1.09025,2177,11,0
2024-03-06 21:00:00,1.09021,1.09021,1.08926,1.08962,2593,11,0
2024-03-06 22:00:00,1.08961,1.08989,1.08922,1.08981,1911,11,0
2024-03-06 23:00:00,1.08981,1.08988,1.08948,1.08984,663,11,0
2024-03-07 00:00:00,1.08942,1.09007,1.08918,1.08975,580,14,0
2024-03-07 01:00:00,1.08968,1.0901,1.08967,1.08988,517,11,0
2024-03-07 02:00:00,1.08988,1.09066,1.08988,1.09024,1756,11,0
2024-03-07 03:00:00,1.09025,1.09036,1.08958,1.08972,2392,11,0
2024-03-07 04:00:00,1.08973,1.08983,1.08929,1.08978,1624,11,0
2024-03-07 05:00:00,1.08976,1.0901,1.08947,1.08999,1109,11,0
2024-03-07 06:00:00,1.08999,1.09049,1.08997,1.09029,1364,11,0
2024-03-07 07:00:00,1.0903,1.0905,1.08991,1.08998,1348,11,0
2024-03-07 08:00:00,1.08998,1.09024,1.08979,1.0901,1467,11,0
2024-03-07 09:00:00,1.0901,1.09038,1.08907,1.08932,2861,11,0
2024-03-07 10:00:00,1.08933,1.08974,1.08871,1.08973,3206,11,0
2024-03-07 11:00:00,1.08973,1.09023,1.08922,1.09011,2157,11,0
2024-03-07 12:00:00,1.0901,1.0901399999999999,1.08889,1.08959,2342,11,0
2024-03-07 13:00:00,1.08958,1.08986,1.08918,1.08936,2077,11,0
2024-03-07 14:00:00,1.08936,1.08997,1.08915,1.08938,2167,11,0
2024-03-07 15:00:00,1.08939,1.08963,1.08672,1.08716,4108,11,0
2024-03-07 16:00:00,1.08716,1.09185,1.08686,1.09151,3918,11,0
2024-03-07 17:00:00,1.0915300000000001,1.09302,1.09077,1.09293,3079,11,0
2024-03-07 18:00:00,1.09292,1.09414,1.09239,1.09396,2764,11,0
2024-03-07 19:00:00,1.09396,1.0941,1.09306,1.09365,1309,11,0
2024-03-07 20:00:00,1.09363,1.09442,1.09358,1.09417,1361,11,0
2024-03-07 21:00:00,1.09416,1.09483,1.09401,1.09463,1422,11,0
2024-03-07 22:00:00,1.09463,1.09485,1.09418,1.09465,1317,11,0
2024-03-07 23:00:00,1.09464,1.09484,1.09452,1.09477,960,11,0
2024-03-08 00:00:00,1.09457,1.09474,1.09432,1.09453,1106,15,0
2024-03-08 01:00:00,1.09457,1.09507,1.09457,1.09503,473,11,0
2024-03-08 02:00:00,1.09505,1.09552,1.09497,1.09508,1670,11,0
2024-03-08 03:00:00,1.09508,1.09522,1.09458,1.09475,1776,11,0
2024-03-08 04:00:00,1.09474,1.09501,1.09442,1.09451,1774,11,0
2024-03-08 05:00:00,1.09451,1.09474,1.09435,1.09466,1200,11,0
2024-03-08 06:00:00,1.09468,1.09485,1.09438,1.0945,1029,11,0
2024-03-08 07:00:00,1.09451,1.0948,1.09442,1.0946,1357,11,0
2024-03-08 08:00:00,1.0946,1.09485,1.09436,1.09475,1724,11,0
2024-03-08 09:00:00,1.09475,1.09505,1.0931,1.09333,3672,11,0
2024-03-08 10:00:00,1.09332,1.09385,1.09283,1.09354,3245,11,0
2024-03-08 11:00:00,1.09353,1.09369,1.09255,1.09347,3744,11,0
2024-03-08 12:00:00,1.09347,1.09366,1.0925799999999999,1.09329,2989,11,0
2024-03-08 13:00:00,1.0933,1.09384,1.09289,1.0934,2542,11,0
2024-03-08 14:00:00,1.09341,1.09346,1.09273,1.09314,2619,11,0
2024-03-08 15:00:00,1.09314,1.09806,1.09174,1.09579,3499,11,0
2024-03-08 16:00:00,1.09577,1.09659,1.09442,1.09573,2563,11,0
2024-03-08 17:00:00,1.09572,1.09612,1.09428,1.09601,2181,11,0
2024-03-08 18:00:00,1.09602,1.09606,1.09368,1.09395,2127,11,0
2024-03-08 19:00:00,1.09398,1.09451,1.09363,1.09387,2028,11,0
2024-03-08 20:00:00,1.09385,1.09392,1.09328,1.09365,1688,11,0
2024-03-08 21:00:00,1.09364,1.09416,1.09337,1.09413,1531,11,0
2024-03-08 22:00:00,1.09413,1.09434,1.09339,1.09358,1275,11,0
2024-03-08 23:00:00,1.0936,1.09402,1.09347,1.09371,696,11,0
2024-03-11 00:00:00,1.09414,1.09414,1.09334,1.09374,481,15,0
2024-03-11 01:00:00,1.09385,1.09396,1.09353,1.09369,478,11,0
2024-03-11 02:00:00,1.09371,1.09432,1.09371,1.09421,1631,11,0
2024-03-11 03:00:00,1.09421,1.09459,1.09376,1.09417,2101,11,0
2024-03-11 04:00:00,1.09415,1.09451,1.09383,1.09398,3232,11,0
2024-03-11 05:00:00,1.09399,1.09417,1.09366,1.09382,1899,11,0
2024-03-11 06:00:00,1.09382,1.09438,1.09374,1.09407,1303,11,0
2024-03-11 07:00:00,1.09407,1.0941,1.09363,1.09382,1571,11,0
2024-03-11 08:00:00,1.09382,1.09415,1.09382,1.09408,1483,11,0
2024-03-11 09:00:00,1.09407,1.0943100000000001,1.09348,1.09417,1742,11,0
2024-03-11 10:00:00,1.09417,1.09469,1.09366,1.09415,3006,11,0
2024-03-11 11:00:00,1.09412,1.09474,1.09379,1.0944099999999999,3481,11,0
2024-03-11 12:00:00,1.0944,1.09444,1.09333,1.09342,2447,11,0
2024-03-11 13:00:00,1.09342,1.0943,1.09325,1.09409,2003,11,0
2024-03-11 14:00:00,1.0941,1.0943,1.09371,1.09424,1564,11,0
2024-03-11 15:00:00,1.09422,1.09428,1.0929,1.0929,2929,11,0
2024-03-11 16:00:00,1.0929,1.09311,1.09172,1.09191,3140,11,0
2024-03-11 17:00:00,1.09192,1.09244,1.09154,1.0924,3007,11,0
2024-03-11 18:00:00,1.09239,1.09281,1.09139,1.09264,2890,11,0
2024-03-11 19:00:00,1.09265,1.09275,1.09221,1.09267,2307,11,0
2024-03-11 20:00:00,1.09267,1.09298,1.09239,1.0924800000000001,2327,11,0
2024-03-11 21:00:00,1.09247,1.09257,1.09179,1.09235,1932,11,0
2024-03-11 22:00:00,1.09236,1.0926,1.09213,1.09255,1843,11,0
2024-03-11 23:00:00,1.09256,1.0927,1.09245,1.09252,682,11,0
2024-03-12 00:00:00,1.09189,1.0925799999999999,1.09189,1.0925,1663,15,0
2024-03-12 01:00:00,1.09246,1.09266,1.09241,1.09246,576,11,0
2024-03-12 02:00:00,1.09246,1.09305,1.09244,1.09301,866,11,0
2024-03-12 03:00:00,1.09301,1.09318,1.09278,1.09281,1426,11,0
2024-03-12 04:00:00,1.09281,1.09338,1.09263,1.09331,1688,11,0
2024-03-12 05:00:00,1.09332,1.09359,1.09296,1.09356,1897,11,0
2024-03-12 06:00:00,1.09355,1.09376,1.09336,1.09357,1059,11,0
2024-03-12 07:00:00,1.09357,1.09376,1.0934,1.09363,876,11,0
2024-03-12 08:00:00,1.09363,1.09387,1.09361,1.09378,1372,11,0
2024-03-12 09:00:00,1.09379,1.09386,1.09338,1.09377,1823,11,0
2024-03-12 10:00:00,1.09377,1.09389,1.09311,1.09313,2928,11,0
2024-03-12 11:00:00,1.09312,1.09329,1.09207,1.09244,2934,11,0
2024-03-12 12:00:00,1.09243,1.09329,1.09225,1.09297,2356,11,0
2024-03-12 13:00:00,1.09297,1.09339,1.0926,1.09336,2067,11,0
2024-03-12 14:00:00,1.09336,1.0935,1.09312,1.09331,2022,11,0
2024-03-12 15:00:00,1.0933,1.09429,1.09022,1.09194,4487,11,0
2024-03-12 16:00:00,1.09194,1.09224,1.09017,1.09102,4174,11,0
2024-03-12 17:00:00,1.09103,1.09189,1.09057,1.09165,3035,11,0
2024-03-12 18:00:00,1.09165,1.09178,1.09069,1.09171,2195,11,0
2024-03-12 19:00:00,1.09172,1.09186,1.0913,1.09171,1875,11,0
2024-03-12 20:00:00,1.09171,1.09203,1.09121,1.09188,2089,11,0
2024-03-12 21:00:00,1.09188,1.09241,1.09178,1.09236,1523,11,0
2024-03-12 22:00:00,1.09237,1.09254,1.09206,1.09253,1229,11,0
2024-03-12 23:00:00,1.09253,1.0927,1.09244,1.09259,574,11,0
2024-03-13 00:00:00,1.09257,1.09266,1.09238,1.09262,1023,15,0
2024-03-13 01:00:00,1.09263,1.09282,1.09261,1.09269,531,11,0
2024-03-13 02:00:00,1.0927,1.09286,1.0926,1.09262,1018,11,0
2024-03-13 03:00:00,1.09262,1.09292,1.09252,1.09262,1641,11,0
2024-03-13 04:00:00,1.09262,1.09282,1.09227,1.09232,2058,11,0
2024-03-13 05:00:00,1.09233,1.0927,1.09228,1.09264,1708,11,0
2024-03-13 06:00:00,1.09264,1.09301,1.09246,1.09273,1203,11,0
2024-03-13 07:00:00,1.09272,1.09276,1.09214,1.09229,1430,11,0
2024-03-13 08:00:00,1.0923,1.09284,1.09221,1.09282,1653,11,0
2024-03-13 09:00:00,1.09282,1.09288,1.09247,1.09273,1933,11,0
2024-03-13 10:00:00,1.09272,1.09314,1.09203,1.09261,2048,11,0
2024-03-13 11:00:00,1.09262,1.09324,1.09256,1.09271,2458,11,0
2024-03-13 12:00:00,1.09272,1.09276,1.09195,1.09228,2574,11,0
2024-03-13 13:00:00,1.09228,1.09328,1.09216,1.09301,1987,11,0
2024-03-13 14:00:00,1.09301,1.0945,1.09297,1.09416,1992,11,0
2024-03-13 15:00:00,1.09417,1.09468,1.09331,1.09362,3123,11,0
2024-03-13 16:00:00,1.09362,1.09415,1.09353,1.09367,3136,11,0
2024-03-13 17:00:00,1.09368,1.09439,1.0930900000000001,1.09415,3318,11,0
2024-03-13 18:00:00,1.09414,1.09467,1.09374,1.09428,3073,4,0
2024-03-13 19:00:00,1.09428,1.0949,1.09394,1.09486,3483,11,0
2024-03-13 20:00:00,1.09487,1.09632,1.09481,1.09565,4093,11,0
2024-03-13 21:00:00,1.09565,1.09577,1.09495,1.09504,2475,11,0
2024-03-13 22:00:00,1.09503,1.09513,1.09451,1.09468,2621,11,0
2024-03-13 23:00:00,1.09468,1.09487,1.09464,1.09475,1022,11,0
2024-03-14 00:00:00,1.09469,1.09506,1.09393,1.09477,2051,15,0
2024-03-14 01:00:00,1.09484,1.09509,1.09483,1.09483,809,11,0
2024-03-14 02:00:00,1.09483,1.09527,1.09483,1.09527,983,11,0
2024-03-14 03:00:00,1.09527,1.09542,1.09453,1.09482,1508,11,0
2024-03-14 04:00:00,1.09482,1.09523,1.09445,1.09483,1832,11,0
2024-03-14 05:00:00,1.09483,1.09491,1.09423,1.0943100000000001,1175,11,0
2024-03-14 06:00:00,1.09432,1.09448,1.09406,1.09418,1503,11,0
2024-03-14 07:00:00,1.09418,1.09423,1.09384,1.0942,1216,11,0
2024-03-14 08:00:00,1.0942,1.09427,1.09386,1.09391,1104,11,0
2024-03-14 09:00:00,1.09392,1.09414,1.09366,1.09373,1483,11,0
2024-03-14 10:00:00,1.09373,1.09424,1.0931,1.09349,3373,11,0
2024-03-14 11:00:00,1.09349,1.09435,1.09347,1.09371,4003,11,0
2024-03-14 12:00:00,1.09371,1.09439,1.09363,1.09407,2729,11,0
2024-03-14 13:00:00,1.09408,1.09449,1.09371,1.09389,2523,11,0
2024-03-14 14:00:00,1.0939,1.0943100000000001,1.09371,1.0941,2382,11,0
2024-03-14 15:00:00,1.09412,1.0944099999999999,1.09235,1.09295,4789,11,0
2024-03-14 16:00:00,1.09294,1.09305,1.09081,1.09113,4102,11,0
2024-03-14 17:00:00,1.09113,1.09135,1.08954,1.08973,3103,11,0
2024-03-14 18:00:00,1.08973,1.0899,1.08823,1.08869,3292,11,0
2024-03-14 19:00:00,1.0887,1.08922,1.08841,1.08865,2545,11,0
2024-03-14 20:00:00,1.08866,1.08885,1.08804,1.0886,1781,11,0
2024-03-14 21:00:00,1.08859,1.08894,1.08832,1.08843,1923,11,0
2024-03-14 22:00:00,1.08843,1.08905,1.088,1.08904,1766,11,0
2024-03-14 23:00:00,1.08904,1.08913,1.08829,1.08834,939,11,0
2024-03-15 00:00:00,1.08759,1.08849,1.08759,1.08843,1152,15,0
2024-03-15 01:00:00,1.08853,1.08857,1.08826,1.08834,464,11,0
2024-03-15 02:00:00,1.08834,1.08846,1.08819,1.08822,1096,11,0
2024-03-15 03:00:00,1.08824,1.0884,1.08754,1.08773,1887,11,0
2024-03-15 04:00:00,1.08772,1.08795,1.08749,1.08765,1613,11,0
2024-03-15 05:00:00,1.08765,1.08765,1.08723,1.08727,1410,11,0
2024-03-15 06:00:00,1.08728,1.08775,1.08727,1.08764,1557,11,0
2024-03-15 07:00:00,1.08764,1.08768,1.08741,1.0876,1361,11,0
2024-03-15 08:00:00,1.0876,1.08769,1.08727,1.08766,1188,11,0
2024-03-15 09:00:00,1.08765,1.08801,1.0875,1.08793,1715,11,0
2024-03-15 10:00:00,1.08793,1.08845,1.0878,1.08804,2364,11,0
2024-03-15 11:00:00,1.08804,1.08865,1.08775,1.08824,2815,11,0
2024-03-15 12:00:00,1.08825,1.0899,1.0882,1.08977,2368,11,0
2024-03-15 13:00:00,1.08976,1.08991,1.08886,1.08906,2118,11,0
2024-03-15 14:00:00,1.08906,1.08958,1.08864,1.08931,1585,11,0
2024-03-15 15:00:00,1.08932,1.08936,1.08837,1.08865,3299,11,0
2024-03-15 16:00:00,1.08865,1.08943,1.08826,1.08858,3211,11,0
2024-03-15 17:00:00,1.08859,1.08939,1.08839,1.08874,2664,11,0
2024-03-15 18:00:00,1.08875,1.08885,1.08807,1.0887,1983,11,0
2024-03-15 19:00:00,1.0887,1.08894,1.0883,1.08853,2051,11,0
2024-03-15 20:00:00,1.08853,1.08872,1.08827,1.0883099999999999,1671,11,0
2024-03-15 21:00:00,1.08832,1.08905,1.08832,1.08899,1393,11,0
2024-03-15 22:00:00,1.08898,1.0890900000000001,1.08865,1.08887,1104,11,0
2024-03-15 23:00:00,1.08886,1.0889199999999999,1.08864,1.08865,595,11,0
2024-03-18 00:00:00,1.08877,1.08903,1.08747,1.08882,562,16,0
2024-03-18 01:00:00,1.08877,1.08908,1.08855,1.08859,587,11,0
2024-03-18 02:00:00,1.08859,1.08861,1.08812,1.0883099999999999,870,11,0
2024-03-18 03:00:00,1.08837,1.08876,1.08798,1.0884800000000001,853,11,0
2024-03-18 04:00:00,1.0884800000000001,1.08896,1.08822,1.08887,1105,11,0
2024-03-18 05:00:00,1.08887,1.08912,1.0887,1.08886,1010,11,0
2024-03-18 06:00:00,1.08887,1.089,1.08847,1.0884800000000001,713,11,0
2024-03-18 07:00:00,1.0884800000000001,1.08876,1.08847,1.08871,603,11,0
2024-03-18 08:00:00,1.08871,1.08882,1.08846,1.08866,755,11,0
2024-03-18 09:00:00,1.08866,1.08889,1.0886,1.08885,1148,11,0
2024-03-18 10:00:00,1.08886,1.08961,1.08884,1.08919,2767,11,0
2024-03-18 11:00:00,1.08919,1.08973,1.08903,1.08931,3712,11,0
2024-03-18 12:00:00,1.08931,1.09,1.08919,1.0899,2484,11,0
2024-03-18 13:00:00,1.0899,1.09013,1.08956,1.08991,2703,11,0
2024-03-18 14:00:00,1.08991,1.09057,1.08983,1.0902,2660,11,0
2024-03-18 15:00:00,1.09019,1.09046,1.08893,1.08917,3221,11,0
2024-03-18 16:00:00,1.08917,1.08931,1.0885,1.08887,2994,11,0
2024-03-18 17:00:00,1.08887,1.08928,1.08838,1.08851,2410,11,0
2024-03-18 18:00:00,1.08851,1.08885,1.08804,1.0884800000000001,2732,11,0
2024-03-18 19:00:00,1.0884800000000001,1.0884800000000001,1.08688,1.08719,2546,11,0
2024-03-18 20:00:00,1.08717,1.08745,1.08654,1.0868,1885,11,0
2024-03-18 21:00:00,1.0868,1.08706,1.08667,1.08706,1303,11,0
2024-03-18 22:00:00,1.08706,1.08729,1.08671,1.08685,1171,11,0
2024-03-18 23:00:00,1.08686,1.08719,1.08684,1.08718,707,11,0
2024-03-19 00:00:00,1.08716,1.08735,1.08633,1.08729,969,15,0
2024-03-19 01:00:00,1.0873,1.0873599999999999,1.08706,1.08713,555,11,0
2024-03-19 02:00:00,1.08713,1.08731,1.08707,1.08729,867,11,0
2024-03-19 03:00:00,1.08729,1.08741,1.08686,1.08688,2190,11,0
2024-03-19 04:00:00,1.08689,1.08712,1.08661,1.08677,2515,11,0
2024-03-19 05:00:00,1.08677,1.08741,1.08677,1.08728,2026,11,0
2024-03-19 06:00:00,1.08728,1.08759,1.08693,1.08732,4418,11,0
2024-03-19 07:00:00,1.08732,1.08759,1.08667,1.087,2875,11,0
2024-03-19 08:00:00,1.087,1.08714,1.08623,1.08636,2540,11,0
2024-03-19 09:00:00,1.08636,1.08681,1.0861399999999999,1.08671,3236,11,0
2024-03-19 10:00:00,1.08671,1.08671,1.0851,1.08542,3591,11,0
2024-03-19 11:00:00,1.0854300000000001,1.08555,1.08418,1.08469,4596,11,0
2024-03-19 12:00:00,1.08469,1.08496,1.0834,1.0836,3780,11,0
2024-03-19 13:00:00,1.0836,1.08453,1.0836,1.08439,3742,11,0
2024-03-19 14:00:00,1.08439,1.08511,1.08423,1.08499,2824,11,0
2024-03-19 15:00:00,1.08501,1.08556,1.08451,1.08511,5399,11,0
2024-03-19 16:00:00,1.08511,1.08566,1.08488,1.08537,3646,11,0
2024-03-19 17:00:00,1.08537,1.08651,1.08532,1.08619,4404,11,0
2024-03-19 18:00:00,1.08619,1.08619,1.08528,1.08578,3330,11,0
2024-03-19 19:00:00,1.08578,1.08634,1.0854,1.08629,3357,11,0
2024-03-19 20:00:00,1.0863,1.08669,1.08593,1.0863,2898,11,0
2024-03-19 21:00:00,1.0863,1.08647,1.08606,1.0862,2234,11,0
2024-03-19 22:00:00,1.0862,1.08652,1.0860400000000001,1.08643,2285,11,0
2024-03-19 23:00:00,1.08643,1.0866,1.08634,1.08652,996,11,0
2024-03-20 00:00:00,1.08648,1.08666,1.0856,1.08649,4508,14,0
2024-03-20 01:00:00,1.08649,1.0866,1.08641,1.0865,540,11,0
2024-03-20 02:00:00,1.0865,1.0866,1.08611,1.08612,1195,11,0
2024-03-20 03:00:00,1.08612,1.08645,1.08576,1.08638,1456,11,0
2024-03-20 04:00:00,1.08639,1.08652,1.08615,1.08638,1447,11,0
2024-03-20 05:00:00,1.08638,1.08687,1.08622,1.08682,1179,11,0
2024-03-20 06:00:00,1.08685,1.08705,1.08671,1.08695,823,11,0
2024-03-20 07:00:00,1.08695,1.087,1.08655,1.0866,1047,11,0
2024-03-20 08:00:00,1.0866,1.08679,1.08648,1.08653,1170,11,0
2024-03-20 09:00:00,1.08653,1.08702,1.08646,1.08697,1208,11,0
2024-03-20 10:00:00,1.08698,1.08716,1.08643,1.0865,2857,11,0
2024-03-20 11:00:00,1.08649,1.08649,1.08495,1.08517,2619,11,0
2024-03-20 12:00:00,1.08516,1.08519,1.08359,1.08386,3315,11,0
2024-03-20 13:00:00,1.08386,1.08423,1.08357,1.08391,2629,11,0
2024-03-20 14:00:00,1.08391,1.08432,1.08366,1.08421,2397,11,0
2024-03-20 15:00:00,1.08422,1.08445,1.08373,1.08417,2699,11,0
2024-03-20 16:00:00,1.08417,1.08451,1.08366,1.08441,2851,11,0
2024-03-20 17:00:00,1.08441,1.08509,1.08432,1.0849199999999999,2726,11,0
2024-03-20 18:00:00,1.08493,1.08557,1.08483,1.0854,2275,11,0
2024-03-20 19:00:00,1.0854,1.08606,1.08529,1.08602,1932,11,0
2024-03-20 20:00:00,1.08602,1.08663,1.0858,1.08643,2058,11,0
2024-03-20 21:00:00,1.08641,1.09169,1.08601,1.09134,16402,15,0
2024-03-20 22:00:00,1.0913599999999999,1.09221,1.09013,1.09202,8297,11,0
2024-03-20 23:00:00,1.09203,1.09222,1.09179,1.0922,1664,11,0
2024-03-21 00:00:00,1.09152,1.09224,1.09152,1.09206,1268,11,0
2024-03-21 01:00:00,1.09211,1.09318,1.09203,1.09316,1246,11,0
2024-03-21 02:00:00,1.09318,1.0937000000000001,1.09286,1.09368,1672,11,0
2024-03-21 03:00:00,1.09367,1.09369,1.093,1.09329,3763,11,0
2024-03-21 04:00:00,1.09329,1.09385,1.09325,1.09347,3115,11,0
2024-03-21 05:00:00,1.09347,1.09367,1.09321,1.09347,1501,11,0
2024-03-21 06:00:00,1.09347,1.09364,1.0933,1.09343,1419,11,0
2024-03-21 07:00:00,1.09343,1.09348,1.09321,1.09324,1014,11,0
2024-03-21 08:00:00,1.09325,1.09362,1.0930900000000001,1.09312,1592,11,0
2024-03-21 09:00:00,1.09312,1.09377,1.09312,1.09373,1588,11,0
2024-03-21 10:00:00,1.09372,1.09421,1.09249,1.09283,2905,11,0
2024-03-21 11:00:00,1.09283,1.09283,1.08865,1.0890900000000001,6861,11,0
2024-03-21 12:00:00,1.0892,1.09141,1.08884,1.09124,4851,11,0
2024-03-21 13:00:00,1.09125,1.09229,1.09117,1.09187,3269,11,0
2024-03-21 14:00:00,1.09187,1.09199,1.09044,1.0909,2634,11,0
2024-03-21 15:00:00,1.0909,1.09164,1.09029,1.0911,5533,11,0
2024-03-21 16:00:00,1.0911,1.09113,1.08835,1.08851,6174,11,0
2024-03-21 17:00:00,1.08833,1.08854,1.08699,1.08783,6442,11,0
2024-03-21 18:00:00,1.08784,1.08786,1.0855,1.08598,4979,11,0
2024-03-21 19:00:00,1.08597,1.08643,1.08576,1.08602,4306,11,0
2024-03-21 20:00:00,1.08602,1.08657,1.08554,1.08574,3022,11,0
2024-03-21 21:00:00,1.08574,1.08626,1.08566,1.0862,1996,11,0
2024-03-21 22:00:00,1.0862,1.08623,1.08548,1.08561,1950,11,0
2024-03-21 23:00:00,1.08562,1.08594,1.0856,1.08593,1086,11,0
2024-03-22 00:00:00,1.08517,1.08607,1.08517,1.08597,2146,13,0
2024-03-22 01:00:00,1.08607,1.0862,1.08599,1.08615,526,11,0
2024-03-22 02:00:00,1.08615,1.08625,1.08602,1.08615,874,11,0
2024-03-22 03:00:00,1.08619,1.08676,1.08617,1.08645,1349,11,0
2024-03-22 04:00:00,1.08645,1.08653,1.08493,1.085,2764,11,0
2024-03-22 05:00:00,1.085,1.08517,1.08382,1.08386,2763,11,0
2024-03-22 06:00:00,1.08385,1.08406,1.0835,1.08372,1864,11,0
2024-03-22 07:00:00,1.08372,1.08373,1.08306,1.0832600000000001,1273,11,0
2024-03-22 08:00:00,1.08327,1.08415,1.08325,1.08409,1941,11,0
2024-03-22 09:00:00,1.08404,1.08404,1.08263,1.08298,2024,11,0
2024-03-22 10:00:00,1.08299,1.08341,1.08203,1.08243,3278,11,0
2024-03-22 11:00:00,1.08242,1.08291,1.08075,1.08111,3903,11,0
2024-03-22 12:00:00,1.08112,1.08227,1.08112,1.08157,3982,11,0
2024-03-22 13:00:00,1.08157,1.0821,1.08129,1.08158,2879,11,0
2024-03-22 14:00:00,1.0816,1.08218,1.08109,1.08155,2911,11,0
2024-03-22 15:00:00,1.08155,1.08307,1.08139,1.08258,4592,11,0
2024-03-22 16:00:00,1.08258,1.08292,1.08179,1.0829,3712,11,0
2024-03-22 17:00:00,1.0829,1.08312,1.08142,1.08145,3295,11,0
2024-03-22 18:00:00,1.08145,1.08213,1.08098,1.08153,3046,11,0
2024-03-22 19:00:00,1.08152,1.08164,1.08051,1.08053,2661,11,0
2024-03-22 20:00:00,1.08053,1.08102,1.08042,1.08054,1760,11,0
2024-03-22 21:00:00,1.08054,1.08071,1.08035,1.08035,1292,11,0
2024-03-22 22:00:00,1.08035,1.08063,1.08012,1.08052,1123,11,0
2024-03-22 23:00:00,1.08052,1.08093,1.08044,1.08078,986,11,0
2024-03-25 00:00:00,1.08077,1.08098,1.08052,1.08077,224,15,0
2024-03-25 01:00:00,1.08077,1.08083,1.08043,1.08081,500,11,0
2024-03-25 02:00:00,1.0808,1.08095,1.08062,1.0806499999999999,1085,11,0
2024-03-25 03:00:00,1.0806499999999999,1.08092,1.08019,1.0803,1798,11,0
2024-03-25 04:00:00,1.0803,1.08196,1.08014,1.08164,3415,11,0
2024-03-25 05:00:00,1.08165,1.08217,1.08151,1.0821,2018,11,0
2024-03-25 06:00:00,1.0821,1.08212,1.0811,1.08129,1854,11,0
2024-03-25 07:00:00,1.08128,1.08136,1.081,1.0812599999999999,1340,11,0
2024-03-25 08:00:00,1.08127,1.08218,1.08118,1.08216,1564,11,0
2024-03-25 09:00:00,1.08216,1.08216,1.08158,1.0817,1828,11,0
2024-03-25 10:00:00,1.0817,1.08225,1.08131,1.08131,2064,11,0
2024-03-25 11:00:00,1.08132,1.08232,1.08066,1.08133,2606,11,0
2024-03-25 12:00:00,1.08133,1.08211,1.0811,1.08172,1877,11,0
2024-03-25 13:00:00,1.08171,1.08213,1.08158,1.08175,1940,11,0
2024-03-25 14:00:00,1.08172,1.08291,1.08159,1.0828,1761,11,0
2024-03-25 15:00:00,1.0828,1.08335,1.08275,1.08302,2590,11,0
2024-03-25 16:00:00,1.08301,1.08374,1.08287,1.08347,2781,11,0
2024-03-25 17:00:00,1.08346,1.0842,1.08334,1.08385,2967,11,0
2024-03-25 18:00:00,1.08386,1.08386,1.08311,1.08362,2229,11,0
2024-03-25 19:00:00,1.08362,1.08375,1.0832600000000001,1.08362,1936,11,0
2024-03-25 20:00:00,1.08362,1.08373,1.0832600000000001,1.0836,1676,11,0
2024-03-25 21:00:00,1.08359,1.08366,1.08344,1.08354,1426,11,0
2024-03-25 22:00:00,1.08355,1.08395,1.0835,1.08386,1558,11,0
2024-03-25 23:00:00,1.08386,1.08403,1.0835,1.08362,800,11,0
2024-03-26 00:00:00,1.08354,1.08371,1.0832,1.08358,4391,15,0
2024-03-26 01:00:00,1.0836,1.08379,1.0836,1.08366,490,11,0
2024-03-26 02:00:00,1.08366,1.0838,1.08357,1.08366,568,11,0
2024-03-26 03:00:00,1.08366,1.08424,1.08355,1.08422,1060,11,0
2024-03-26 04:00:00,1.08422,1.08447,1.0838,1.084,2192,11,0
2024-03-26 05:00:00,1.08401,1.08439,1.08393,1.08421,1282,11,0
2024-03-26 06:00:00,1.08421,1.08438,1.08351,1.08361,1033,11,0
2024-03-26 07:00:00,1.08361,1.08408,1.08359,1.08397,1000,11,0
2024-03-26 08:00:00,1.08397,1.08477,1.08392,1.08467,1130,11,0
2024-03-26 09:00:00,1.08467,1.08515,1.08456,1.08502,1299,11,0
2024-03-26 10:00:00,1.08502,1.08524,1.08392,1.08418,2553,11,0
2024-03-26 11:00:00,1.08418,1.08511,1.0838,1.08491,3327,11,0
2024-03-26 12:00:00,1.0849,1.08552,1.08449,1.08532,3381,11,0
2024-03-26 13:00:00,1.08532,1.08638,1.08521,1.08548,2844,11,0
2024-03-26 14:00:00,1.08547,1.08594,1.08526,1.08563,2648,11,0
2024-03-26 15:00:00,1.08563,1.08589,1.08481,1.08515,3565,11,0
2024-03-26 16:00:00,1.08515,1.08581,1.08463,1.08524,3362,11,0
2024-03-26 17:00:00,1.0852,1.0854300000000001,1.08372,1.08406,3662,11,0
2024-03-26 18:00:00,1.08406,1.08438,1.08247,1.08277,3449,11,0
2024-03-26 19:00:00,1.08277,1.08317,1.08236,1.08276,2453,11,0
2024-03-26 20:00:00,1.08276,1.08352,1.08261,1.083,1720,11,0
2024-03-26 21:00:00,1.083,1.08343,1.08292,1.08323,1560,11,0
2024-03-26 22:00:00,1.08323,1.08344,1.08278,1.08278,1503,11,0
2024-03-26 23:00:00,1.08279,1.08313,1.08278,1.08308,1023,11,0
2024-03-27 00:00:00,1.08297,1.08319,1.08286,1.08316,800,14,0
2024-03-27 01:00:00,1.08324,1.08329,1.08311,1.08322,514,11,0
2024-03-27 02:00:00,1.08322,1.08327,1.08297,1.0832,726,11,0
2024-03-27 03:00:00,1.0832,1.08322,1.08267,1.0829,1473,11,0
2024-03-27 04:00:00,1.08289,1.08304,1.08198,1.08227,2273,11,0
2024-03-27 05:00:00,1.08228,1.08273,1.08227,1.08253,1696,11,0
2024-03-27 06:00:00,1.08252,1.08274,1.08235,1.08257,2046,11,0
2024-03-27 07:00:00,1.08258,1.08299,1.08258,1.08295,929,11,0
2024-03-27 08:00:00,1.08294,1.08294,1.0824799999999999,1.08258,1230,11,0
2024-03-27 09:00:00,1.08258,1.08321,1.08241,1.08316,1611,11,0
2024-03-27 10:00:00,1.08316,1.08332,1.08223,1.08257,2768,11,0
2024-03-27 11:00:00,1.08258,1.08299,1.08209,1.0828,2659,11,0
2024-03-27 12:00:00,1.0828,1.08385,1.0826,1.08271,3705,11,0
2024-03-27 13:00:00,1.08272,1.08344,1.08255,1.08323,2606,11,0
2024-03-27 14:00:00,1.08323,1.08346,1.08173,1.0820400000000001,2343,11,0
2024-03-27 15:00:00,1.0820400000000001,1.08212,1.0814300000000001,1.08182,2809,11,0
2024-03-27 16:00:00,1.08182,1.08188,1.08102,1.08163,3246,11,0
2024-03-27 17:00:00,1.08165,1.08207,1.08133,1.0814,3569,11,0
2024-03-27 18:00:00,1.0814,1.08221,1.08132,1.08201,3285,11,0
2024-03-27 19:00:00,1.08199,1.08252,1.08181,1.08227,2753,11,0
2024-03-27 20:00:00,1.08226,1.08243,1.08168,1.08188,2362,11,0
2024-03-27 21:00:00,1.08188,1.08227,1.08177,1.08217,1949,11,0
2024-03-27 22:00:00,1.08217,1.08269,1.08199,1.08267,2043,11,0
2024-03-27 23:00:00,1.0826500000000001,1.08286,1.08256,1.08274,805,11,0
2024-03-28 00:00:00,1.08222,1.08269,1.08212,1.08263,1105,15,0
2024-03-28 01:00:00,1.08262,1.08263,1.08095,1.08129,1215,11,0
2024-03-28 02:00:00,1.08129,1.08144,1.08106,1.08121,1173,11,0
2024-03-28 03:00:00,1.08121,1.08196,1.08074,1.08169,2113,11,0
2024-03-28 04:00:00,1.0817,1.0818699999999999,1.0814300000000001,1.08175,2002,11,0
2024-03-28 05:00:00,1.08175,1.08253,1.0817,1.08215,1716,11,0
2024-03-28 06:00:00,1.08216,1.08237,1.08205,1.08211,1105,11,0
2024-03-28 07:00:00,1.0821,1.08237,1.08197,1.0823,855,11,0
2024-03-28 08:00:00,1.0823,1.0826,1.08214,1.08232,1364,11,0
2024-03-28 09:00:00,1.08233,1.08236,1.08146,1.08175,1450,11,0
2024-03-28 10:00:00,1.08175,1.08181,1.07997,1.08001,2731,11,0
2024-03-28 11:00:00,1.08002,1.08015,1.07894,1.07915,3131,11,0
2024-03-28 12:00:00,1.07914,1.07916,1.07745,1.07748,2734,11,0
2024-03-28 13:00:00,1.07748,1.07923,1.07745,1.07888,2909,11,0
2024-03-28 14:00:00,1.07887,1.07943,1.07822,1.07834,2089,11,0
2024-03-28 15:00:00,1.07834,1.08083,1.0783,1.08077,4071,11,0
2024-03-28 16:00:00,1.08075,1.08173,1.08023,1.08116,4369,11,0
2024-03-28 17:00:00,1.08118,1.08181,1.0796999999999999,1.07998,4759,11,0
2024-03-28 18:00:00,1.07996,1.08068,1.07932,1.08008,4247,11,0
2024-03-28 19:00:00,1.08007,1.08048,1.07922,1.07989,3255,11,0
2024-03-28 20:00:00,1.07987,1.08014,1.07943,1.07957,2013,11,0
2024-03-28 21:00:00,1.07957,1.07979,1.07853,1.07868,1832,11,0
2024-03-28 22:00:00,1.07868,1.07889,1.0784,1.07873,1693,11,0
2024-03-28 23:00:00,1.07875,1.07885,1.07843,1.07875,924,11,0
2024-03-29 00:00:00,1.07883,1.07893,1.07845,1.07882,1747,15,0
2024-03-29 01:00:00,1.07882,1.07936,1.07865,1.07877,2221,11,0
2024-03-29 02:00:00,1.07877,1.07919,1.07857,1.07907,2204,11,0
2024-03-29 03:00:00,1.07907,1.0790899999999999,1.07834,1.07837,2607,11,0
2024-03-29 04:00:00,1.07836,1.07843,1.07754,1.07756,1449,11,0
2024-03-29 05:00:00,1.07756,1.07789,1.0773,1.07781,2204,11,0
2024-03-29 06:00:00,1.07781,1.0778699999999999,1.07738,1.07741,990,11,0
2024-03-29 07:00:00,1.07741,1.07766,1.07738,1.07763,800,11,0
2024-03-29 08:00:00,1.07763,1.07773,1.07734,1.07749,903,11,0
2024-03-29 09:00:00,1.07749,1.07766,1.07741,1.07752,767,11,0
2024-03-29 10:00:00,1.07751,1.07811,1.07674,1.0768,1430,11,0
2024-03-29 11:00:00,1.0768,1.07784,1.07678,1.07781,1827,11,0
2024-03-29 12:00:00,1.07781,1.07821,1.07725,1.0782,2225,11,0
2024-03-29 13:00:00,1.07821,1.07879,1.07812,1.07846,2164,11,0
2024-03-29 14:00:00,1.07845,1.0791,1.07835,1.07866,2276,11,0
2024-03-29 15:00:00,1.07866,1.08049,1.07784,1.07981,2379,11,0
2024-03-29 16:00:00,1.07981,1.08032,1.07938,1.07977,2324,11,0
2024-03-29 17:00:00,1.07977,1.07991,1.07939,1.07957,1602,11,0
2024-03-29 18:00:00,1.07957,1.07957,1.0787,1.07919,3120,11,0
2024-03-29 19:00:00,1.07919,1.07924,1.07867,1.07877,1941,11,0
2024-03-29 20:00:00,1.07877,1.07891,1.07871,1.07883,1479,11,0
2024-03-29 21:00:00,1.07882,1.07903,1.07875,1.07888,2522,11,0
2024-03-29 22:00:00,1.0789,1.07931,1.07881,1.07904,1563,11,0
2024-03-29 23:00:00,1.07904,1.0795,1.07866,1.07918,2244,11,0
