trade_id,policy,setup,entry_time,entry_price,initial_stop,exit_time,hold_minutes,gross_R,friction_R,net_R,mfe_R,mae_R,time_to_mfe_minutes,time_to_1r_minutes,time_to_2r_minutes,time_to_3r_minutes,exit_reason,stop_distance,entry_hour,trend_regime,volatility_regime,session,higher_timeframe_bias,regime_asof_timestamp,feature_source,classifier_version
LONDON_NEWYORK_2026-05-18_2026-05-18 14:30:00+00:00_S1_SWEEP_REVERSAL,CONTROL,S1_SWEEP_REVERSAL,2026-05-18T14:30:00+00:00,1.16422,1.164835942697063,2026-05-18T14:59:00+00:00,29.0,0.1298822120654383,0.24352914762245323,-0.11364693555701494,0.22729387111433674,-0.7792932723919087,6.0,,,,SESSION_EXIT_FULL_POSITION,0.0006159426970628878,14,TREND,HIGH,LONDON_NEWYORK,BEARISH,2026-05-18T14:30:00+00:00,M1_PRE_ENTRY_60M_AND_CANONICAL_BIAS_GATE,AG_GEN001_REGIME_V1
LONDON_NEWYORK_2026-05-19_2026-05-19 13:15:00+00:00_S2_BREAKOUT_CONTINUATION,CONTROL,S2_BREAKOUT_CONTINUATION,2026-05-19T13:15:00+00:00,1.16051,1.161175703007752,2026-05-19T13:16:00+00:00,1.0,-1.0,0.2253257056874333,-1.2253257056874334,0.0,0.0,,,,,SL,0.0006657030077521497,13,TREND,NORMAL,LONDON_NEWYORK,BEARISH,2026-05-19T13:15:00+00:00,M1_PRE_ENTRY_60M_AND_CANONICAL_BIAS_GATE,AG_GEN001_REGIME_V1
LONDON_NEWYORK_2026-05-21_2026-05-21 13:15:00+00:00_S2_BREAKOUT_CONTINUATION,CONTROL,S2_BREAKOUT_CONTINUATION,2026-05-21T13:15:00+00:00,1.15887,1.1594380200998575,2026-05-21T13:16:00+00:00,1.0,-1.0,0.2640751621952142,-1.2640751621952142,0.0,0.0,,,,,SL,0.000568020099857458,13,RANGE,HIGH,LONDON_NEWYORK,BEARISH,2026-05-21T13:15:00+00:00,M1_PRE_ENTRY_60M_AND_CANONICAL_BIAS_GATE,AG_GEN001_REGIME_V1
LONDON_NEWYORK_2026-05-22_2026-05-22 13:00:00+00:00_S1_SWEEP_REVERSAL,CONTROL,S1_SWEEP_REVERSAL,2026-05-22T13:00:00+00:00,1.16123,1.1619161602923016,2026-05-22T14:59:00+00:00,119.0,2.2006519714727864,0.2186078117357217,1.9820441597370646,3.5851681124656998,-0.8161358304801967,78.0,2.0,61.0,62.0,SESSION_EXIT_FULL_POSITION,0.0006861602923016186,13,TREND,NORMAL,LONDON_NEWYORK,BEARISH,2026-05-22T13:00:00+00:00,M1_PRE_ENTRY_60M_AND_CANONICAL_BIAS_GATE,AG_GEN001_REGIME_V1
LONDON_NEWYORK_2026-05-22_2026-05-22 13:30:00+00:00_S3_PULLBACK_CONTINUATION,CONTROL,S3_PULLBACK_CONTINUATION,2026-05-22T13:30:00+00:00,1.16037,1.1619202810683622,2026-05-22T14:59:00+00:00,89.0,0.41927880902684905,0.09675664823699236,0.3225221607898567,1.0320709145278049,-0.4708823547534398,48.0,48.0,,,SESSION_EXIT_FULL_POSITION,0.0015502810683623025,13,TREND,NORMAL,LONDON_NEWYORK,BEARISH,2026-05-22T13:30:00+00:00,M1_PRE_ENTRY_60M_AND_CANONICAL_BIAS_GATE,AG_GEN001_REGIME_V1
LONDON_NEWYORK_2026-05-22_2026-05-22 13:45:00+00:00_S3_PULLBACK_CONTINUATION,CONTROL,S3_PULLBACK_CONTINUATION,2026-05-22T13:45:00+00:00,1.16033,1.1619201181349077,2026-05-22T14:59:00+00:00,74.0,0.3836192963332503,0.0943326138524387,0.28928668248081163,0.9810591840653661,-0.1257768184699044,33.0,,,,SESSION_EXIT_FULL_POSITION,0.0015901181349076143,13,RANGE,NORMAL,LONDON_NEWYORK,BEARISH,2026-05-22T13:45:00+00:00,M1_PRE_ENTRY_60M_AND_CANONICAL_BIAS_GATE,AG_GEN001_REGIME_V1
LONDON_NEWYORK_2026-05-25_2026-05-25 14:45:00+00:00_S1_SWEEP_REVERSAL,CONTROL,S1_SWEEP_REVERSAL,2026-05-25T14:45:00+00:00,1.16414,1.164662590148532,2026-05-25T14:59:00+00:00,14.0,0.0,0.28703181723072263,-0.28703181723072263,0.2487609082665564,-0.8419599972101119,13.0,,,,SESSION_EXIT_FULL_POSITION,0.000522590148531954,14,TREND,NORMAL,LONDON_NEWYORK,BEARISH,2026-05-25T14:45:00+00:00,M1_PRE_ENTRY_60M_AND_CANONICAL_BIAS_GATE,AG_GEN001_REGIME_V1
ASIAN_LONDON_2026-05-26_2026-05-26 07:30:00+00:00_S1_SWEEP_REVERSAL,CONTROL,S1_SWEEP_REVERSAL,2026-05-26T07:30:00+00:00,1.16351,1.1640621822729404,2026-05-26T08:19:00+00:00,49.0,-1.0,0.27164943054263724,-1.2716494305426371,0.5070789370130278,-0.9779379499534667,4.0,,,,SL,0.0005521822729404047,7,RANGE,NORMAL,ASIAN_LONDON,BEARISH,2026-05-26T07:30:00+00:00,M1_PRE_ENTRY_60M_AND_CANONICAL_BIAS_GATE,AG_GEN001_REGIME_V1
ASIAN_LONDON_2026-05-26_2026-05-26 08:45:00+00:00_S3_PULLBACK_CONTINUATION,CONTROL,S3_PULLBACK_CONTINUATION,2026-05-26T08:45:00+00:00,1.16358,1.1642440825003475,2026-05-26T09:34:00+00:00,49.0,-1.0,0.2258755499829038,-1.2258755499829037,0.5571596899578014,-0.9787940499259757,21.0,,,,SL,0.0006640825003474404,8,RANGE,NORMAL,ASIAN_LONDON,BEARISH,2026-05-26T08:45:00+00:00,M1_PRE_ENTRY_60M_AND_CANONICAL_BIAS_GATE,AG_GEN001_REGIME_V1
ASIAN_LONDON_2026-05-26_2026-05-26 09:00:00+00:00_S3_PULLBACK_CONTINUATION,CONTROL,S3_PULLBACK_CONTINUATION,2026-05-26T09:00:00+00:00,1.16374,1.164246648036037,2026-05-26T09:34:00+00:00,34.0,-1.0,0.29606351812456366,-1.2960635181245637,1.046091097373299,-0.9671408258737748,6.0,6.0,,,SL,0.0005066480360369496,9,RANGE,NORMAL,ASIAN_LONDON,BEARISH,2026-05-26T09:00:00+00:00,M1_PRE_ENTRY_60M_AND_CANONICAL_BIAS_GATE,AG_GEN001_REGIME_V1
ASIAN_LONDON_2026-05-27_2026-05-27 07:00:00+00:00_S1_SWEEP_REVERSAL,CONTROL,S1_SWEEP_REVERSAL,2026-05-27T07:00:00+00:00,1.1644,1.1649010974394687,2026-05-27T10:59:00+00:00,239.0,1.097590920806408,0.2993429784017202,0.7982479424046879,1.716233076170028,-0.8581165380847924,233.0,61.0,,,SESSION_EXIT_FULL_POSITION,0.0005010974394685785,7,TREND,NORMAL,ASIAN_LONDON,BEARISH,2026-05-27T07:00:00+00:00,M1_PRE_ENTRY_60M_AND_CANONICAL_BIAS_GATE,AG_GEN001_REGIME_V1
ASIAN_LONDON_2026-05-27_2026-05-27 07:45:00+00:00_S3_PULLBACK_CONTINUATION,CONTROL,S3_PULLBACK_CONTINUATION,2026-05-27T07:45:00+00:00,1.16399,1.1649482511204492,2026-05-27T10:59:00+00:00,194.0,0.14609949001094133,0.1565351678688333,-0.010435677857891984,0.46960550360656406,-0.8452899064916762,188.0,,,,SESSION_EXIT_FULL_POSITION,0.0009582511204491162,7,RANGE,NORMAL,ASIAN_LONDON,BEARISH,2026-05-27T07:45:00+00:00,M1_PRE_ENTRY_60M_AND_CANONICAL_BIAS_GATE,AG_GEN001_REGIME_V1
ASIAN_LONDON_2026-05-27_2026-05-27 10:15:00+00:00_S3_PULLBACK_CONTINUATION,CONTROL,S3_PULLBACK_CONTINUATION,2026-05-27T10:15:00+00:00,1.16371,1.1648798099874955,2026-05-27T10:59:00+00:00,44.0,-0.11967755575395789,0.12822595259349975,-0.24790350834745764,0.14532274627263603,-0.5300006040531878,38.0,,,,SESSION_EXIT_FULL_POSITION,0.001169809987495496,10,RANGE,LOW,ASIAN_LONDON,BEARISH,2026-05-27T10:15:00+00:00,M1_PRE_ENTRY_60M_AND_CANONICAL_BIAS_GATE,AG_GEN001_REGIME_V1
LONDON_NEWYORK_2026-05-27_2026-05-27 12:45:00+00:00_S1_SWEEP_REVERSAL,CONTROL,S1_SWEEP_REVERSAL,2026-05-27T12:45:00+00:00,1.16432,1.1655985771718675,2026-05-27T14:59:00+00:00,134.0,1.4390996808683139,0.11731790876643455,1.3217817721018794,1.4782056504570342,-0.8994373005426527,134.0,131.0,,,SESSION_EXIT_FULL_POSITION,0.0012785771718675232,12,TREND,NORMAL,LONDON_NEWYORK,BEARISH,2026-05-27T12:45:00+00:00,M1_PRE_ENTRY_60M_AND_CANONICAL_BIAS_GATE,AG_GEN001_REGIME_V1
LONDON_NEWYORK_2026-05-27_2026-05-27 13:00:00+00:00_S3_PULLBACK_CONTINUATION,CONTROL,S3_PULLBACK_CONTINUATION,2026-05-27T13:00:00+00:00,1.16447,1.1662069645167341,2026-05-27T14:59:00+00:00,119.0,1.1456768292201307,0.08635754994121866,1.0593192792789121,1.17446267920047,-0.4030018997257705,119.0,118.0,,,SESSION_EXIT_FULL_POSITION,0.0017369645167342185,13,TREND,NORMAL,LONDON_NEWYORK,BEARISH,2026-05-27T13:00:00+00:00,M1_PRE_ENTRY_60M_AND_CANONICAL_BIAS_GATE,AG_GEN001_REGIME_V1
LONDON_NEWYORK_2026-05-27_2026-05-27 13:15:00+00:00_S3_PULLBACK_CONTINUATION,CONTROL,S3_PULLBACK_CONTINUATION,2026-05-27T13:15:00+00:00,1.16408,1.1662091813369675,2026-05-27T14:59:00+00:00,104.0,0.751462532674114,0.07044961243819618,0.6810129202359179,0.7749457368201247,-0.5119338503842421,104.0,,,,SESSION_EXIT_FULL_POSITION,0.0021291813369674895,13,TREND,NORMAL,LONDON_NEWYORK,BEARISH,2026-05-27T13:15:00+00:00,M1_PRE_ENTRY_60M_AND_CANONICAL_BIAS_GATE,AG_GEN001_REGIME_V1
ASIAN_LONDON_2026-06-01_2026-06-01 07:30:00+00:00_S1_SWEEP_REVERSAL,CONTROL,S1_SWEEP_REVERSAL,2026-06-01T07:30:00+00:00,1.1653,1.1659312089432707,2026-06-01T08:25:00+00:00,55.0,-1.0,0.23763921851731926,-1.2376392185173193,0.3010096767884657,-0.9188716449336739,17.0,,,,SL,0.0006312089432707335,7,TREND,NORMAL,ASIAN_LONDON,BEARISH,2026-06-01T07:30:00+00:00,M1_PRE_ENTRY_60M_AND_CANONICAL_BIAS_GATE,AG_GEN001_REGIME_V1
ASIAN_LONDON_2026-06-01_2026-06-01 09:00:00+00:00_S3_PULLBACK_CONTINUATION,CONTROL,S3_PULLBACK_CONTINUATION,2026-06-01T09:00:00+00:00,1.16515,1.1656517581694623,2026-06-01T09:01:00+00:00,1.0,-1.0,0.2989487947166115,-1.2989487947166114,0.0,0.0,,,,,SL,0.0005017581694624074,9,RANGE,NORMAL,ASIAN_LONDON,BEARISH,2026-06-01T09:00:00+00:00,M1_PRE_ENTRY_60M_AND_CANONICAL_BIAS_GATE,AG_GEN001_REGIME_V1
LONDON_NEWYORK_2026-06-02_2026-06-02 12:30:00+00:00_S1_SWEEP_REVERSAL,CONTROL,S1_SWEEP_REVERSAL,2026-06-02T12:30:00+00:00,1.16505,1.1655657157205748,2026-06-02T14:59:00+00:00,149.0,1.45428958257086,0.290857916514161,1.163431666056699,2.889188637373982,-0.8531832217748643,91.0,60.0,82.0,,SESSION_EXIT_FULL_POSITION,0.0005157157205748497,12,TREND,NORMAL,LONDON_NEWYORK,BEARISH,2026-06-02T12:30:00+00:00,M1_PRE_ENTRY_60M_AND_CANONICAL_BIAS_GATE,AG_GEN001_REGIME_V1
LONDON_NEWYORK_2026-06-02_2026-06-02 13:15:00+00:00_S3_PULLBACK_CONTINUATION,CONTROL,S3_PULLBACK_CONTINUATION,2026-06-02T13:15:00+00:00,1.16451,1.1655676550430403,2026-06-02T14:59:00+00:00,104.0,0.19855244995227989,0.1418231785373134,0.056729271414966476,0.8982134640696576,-0.4349244141812145,46.0,,,,SESSION_EXIT_FULL_POSITION,0.0010576550430403397,13,RANGE,NORMAL,LONDON_NEWYORK,BEARISH,2026-06-02T13:15:00+00:00,M1_PRE_ENTRY_60M_AND_CANONICAL_BIAS_GATE,AG_GEN001_REGIME_V1
ASIAN_LONDON_2026-06-04_2026-06-04 08:30:00+00:00_S1_SWEEP_REVERSAL,CONTROL,S1_SWEEP_REVERSAL,2026-06-04T08:30:00+00:00,1.1607,1.16144651932735,2026-06-04T09:00:00+00:00,30.0,-1.0,0.20093250704236423,-1.2009325070423642,0.12055950422561346,-0.8707075305169644,10.0,,,,SL,0.000746519327349926,8,TREND,NORMAL,ASIAN_LONDON,BEARISH,2026-06-04T08:30:00+00:00,M1_PRE_ENTRY_60M_AND_CANONICAL_BIAS_GATE,AG_GEN001_REGIME_V1
ASIAN_LONDON_2026-06-08_2026-06-08 08:45:00+00:00_S2_BREAKOUT_CONTINUATION,CONTROL,S2_BREAKOUT_CONTINUATION,2026-06-08T08:45:00+00:00,1.15077,1.1514416166836998,2026-06-08T08:46:00+00:00,1.0,-1.0,0.22334168230260712,-1.223341682302607,0.0,0.0,,,,,SL,0.0006716166836997495,8,TREND,NORMAL,ASIAN_LONDON,BEARISH,2026-06-08T08:45:00+00:00,M1_PRE_ENTRY_60M_AND_CANONICAL_BIAS_GATE,AG_GEN001_REGIME_V1
ASIAN_LONDON_2026-06-10_2026-06-10 07:15:00+00:00_S1_SWEEP_REVERSAL,CONTROL,S1_SWEEP_REVERSAL,2026-06-10T07:15:00+00:00,1.1553,1.1559149624605383,2026-06-10T10:59:00+00:00,224.0,0.24391732768338562,0.24391732768323196,1.5365486660812167e-13,0.8943635348385991,-0.9919304659118089,50.0,,,,SESSION_EXIT_FULL_POSITION,0.0006149624605382709,7,RANGE,NORMAL,ASIAN_LONDON,BEARISH,2026-06-10T07:15:00+00:00,M1_PRE_ENTRY_60M_AND_CANONICAL_BIAS_GATE,AG_GEN001_REGIME_V1
ASIAN_LONDON_2026-06-10_2026-06-10 08:00:00+00:00_S3_PULLBACK_CONTINUATION,CONTROL,S3_PULLBACK_CONTINUATION,2026-06-10T08:00:00+00:00,1.15487,1.1559121933403071,2026-06-10T10:59:00+00:00,179.0,-0.26866416160108375,0.14392722942923636,-0.4125913910303201,0.11514178354350423,-0.9978954573759714,5.0,,,,SESSION_EXIT_FULL_POSITION,0.0010421933403070849,8,TREND,NORMAL,ASIAN_LONDON,BEARISH,2026-06-10T08:00:00+00:00,M1_PRE_ENTRY_60M_AND_CANONICAL_BIAS_GATE,AG_GEN001_REGIME_V1
ASIAN_LONDON_2026-06-10_2026-06-10 08:30:00+00:00_S3_PULLBACK_CONTINUATION,CONTROL,S3_PULLBACK_CONTINUATION,2026-06-10T08:30:00+00:00,1.15498,1.155910044257714,2026-06-10T10:59:00+00:00,149.0,-0.1827870002851779,0.1612826473104478,-0.3440696475956257,0.21504352974724003,-0.999952413324881,17.0,,,,SESSION_EXIT_FULL_POSITION,0.0009300442577140355,8,RANGE,NORMAL,ASIAN_LONDON,BEARISH,2026-06-10T08:30:00+00:00,M1_PRE_ENTRY_60M_AND_CANONICAL_BIAS_GATE,AG_GEN001_REGIME_V1
LONDON_NEWYORK_2026-06-10_2026-06-10 12:45:00+00:00_S1_SWEEP_REVERSAL,CONTROL,S1_SWEEP_REVERSAL,2026-06-10T12:45:00+00:00,1.1548,1.1565672120288129,2026-06-10T13:35:00+00:00,50.0,-1.0,0.08487945846586875,-1.0848794584658688,0.062244936208334586,-0.9166981514313569,23.0,,,,SL,0.0017672120288128035,12,TREND,NORMAL,LONDON_NEWYORK,BEARISH,2026-06-10T12:45:00+00:00,M1_PRE_ENTRY_60M_AND_CANONICAL_BIAS_GATE,AG_GEN001_REGIME_V1
ASIAN_LONDON_2026-06-12_2026-06-12 08:15:00+00:00_S1_SWEEP_REVERSAL,CONTROL,S1_SWEEP_REVERSAL,2026-06-12T08:15:00+00:00,1.15754,1.158636167699635,2026-06-12T09:26:00+00:00,71.0,-1.0,0.13684037583842276,-1.1368403758384227,0.574729578521292,-0.8940237888110112,2.0,,,,SL,0.0010961676996350533,8,TREND,NORMAL,ASIAN_LONDON,BEARISH,2026-06-12T08:15:00+00:00,M1_PRE_ENTRY_60M_AND_CANONICAL_BIAS_GATE,AG_GEN001_REGIME_V1
ASIAN_LONDON_2026-06-12_2026-06-12 10:30:00+00:00_S3_PULLBACK_CONTINUATION,CONTROL,S3_PULLBACK_CONTINUATION,2026-06-12T10:30:00+00:00,1.15755,1.1590356721230193,2026-06-12T10:59:00+00:00,29.0,0.1346192049383923,0.10096440370380534,0.03365480123458696,0.2827003303707135,-0.23558360864211178,28.0,,,,SESSION_EXIT_FULL_POSITION,0.0014856721230191994,10,TREND,NORMAL,ASIAN_LONDON,BEARISH,2026-06-12T10:30:00+00:00,M1_PRE_ENTRY_60M_AND_CANONICAL_BIAS_GATE,AG_GEN001_REGIME_V1
LONDON_NEWYORK_2026-06-15_2026-06-15 12:45:00+00:00_S1_SWEEP_REVERSAL,CONTROL,S1_SWEEP_REVERSAL,2026-06-15T12:45:00+00:00,1.16148,1.1620197203749296,2026-06-15T14:59:00+00:00,134.0,1.4081365746091996,0.27792169235704456,1.130214882252155,1.8157550567326555,-0.9634618668374837,118.0,98.0,,,SESSION_EXIT_FULL_POSITION,0.0005397203749295532,12,TREND,NORMAL,LONDON_NEWYORK,BEARISH,2026-06-15T12:45:00+00:00,M1_PRE_ENTRY_60M_AND_CANONICAL_BIAS_GATE,AG_GEN001_REGIME_V1
LONDON_NEWYORK_2026-06-15_2026-06-15 14:15:00+00:00_S3_PULLBACK_CONTINUATION,CONTROL,S3_PULLBACK_CONTINUATION,2026-06-15T14:15:00+00:00,1.16118,1.1621102202139937,2026-06-15T14:59:00+00:00,44.0,0.49450656208090166,0.16125213980894515,0.33325442227195645,0.731009700467233,-0.3010039943098546,28.0,,,,SESSION_EXIT_FULL_POSITION,0.0009302202139935822,14,RANGE,NORMAL,LONDON_NEWYORK,BEARISH,2026-06-15T14:15:00+00:00,M1_PRE_ENTRY_60M_AND_CANONICAL_BIAS_GATE,AG_GEN001_REGIME_V1
LONDON_NEWYORK_2026-06-15_2026-06-15 14:30:00+00:00_S3_PULLBACK_CONTINUATION,CONTROL,S3_PULLBACK_CONTINUATION,2026-06-15T14:30:00+00:00,1.16062,1.1621134901987082,2026-06-15T14:59:00+00:00,29.0,-0.06695725227154518,0.10043587840732883,-0.167393130678874,0.08034870272579474,-0.3749606127207719,13.0,,,,SESSION_EXIT_FULL_POSITION,0.0014934901987082583,14,TREND,NORMAL,LONDON_NEWYORK,BEARISH,2026-06-15T14:30:00+00:00,M1_PRE_ENTRY_60M_AND_CANONICAL_BIAS_GATE,AG_GEN001_REGIME_V1
LONDON_NEWYORK_2026-05-18_2026-05-18 14:30:00+00:00_S1_SWEEP_REVERSAL,30,S1_SWEEP_REVERSAL,2026-05-18T14:30:00+00:00,1.16422,1.164835942697063,2026-05-18T14:59:00+00:00,29.0,0.1298822120654383,0.24352914762245323,-0.11364693555701494,0.22729387111433674,-0.7792932723919087,6.0,,,,SESSION_EXIT_FULL_POSITION,0.0006159426970628878,14,TREND,HIGH,LONDON_NEWYORK,BEARISH,2026-05-18T14:30:00+00:00,M1_PRE_ENTRY_60M_AND_CANONICAL_BIAS_GATE,AG_GEN001_REGIME_V1
LONDON_NEWYORK_2026-05-19_2026-05-19 13:15:00+00:00_S2_BREAKOUT_CONTINUATION,30,S2_BREAKOUT_CONTINUATION,2026-05-19T13:15:00+00:00,1.16051,1.161175703007752,2026-05-19T13:16:00+00:00,1.0,-1.0,0.2253257056874333,-1.2253257056874334,0.0,0.0,,,,,SL,0.0006657030077521497,13,TREND,NORMAL,LONDON_NEWYORK,BEARISH,2026-05-19T13:15:00+00:00,M1_PRE_ENTRY_60M_AND_CANONICAL_BIAS_GATE,AG_GEN001_REGIME_V1
LONDON_NEWYORK_2026-05-21_2026-05-21 13:15:00+00:00_S2_BREAKOUT_CONTINUATION,30,S2_BREAKOUT_CONTINUATION,2026-05-21T13:15:00+00:00,1.15887,1.1594380200998575,2026-05-21T13:16:00+00:00,1.0,-1.0,0.2640751621952142,-1.2640751621952142,0.0,0.0,,,,,SL,0.000568020099857458,13,RANGE,HIGH,LONDON_NEWYORK,BEARISH,2026-05-21T13:15:00+00:00,M1_PRE_ENTRY_60M_AND_CANONICAL_BIAS_GATE,AG_GEN001_REGIME_V1
LONDON_NEWYORK_2026-05-22_2026-05-22 13:00:00+00:00_S1_SWEEP_REVERSAL,30,S1_SWEEP_REVERSAL,2026-05-22T13:00:00+00:00,1.16123,1.1619161602923016,2026-05-22T13:30:00+00:00,30.0,0.27690322819845326,0.2186078117357217,0.058295416462731564,1.3116468704141857,-0.8161358304801967,7.0,2.0,,,TIME_STOP,0.0006861602923016186,13,TREND,NORMAL,LONDON_NEWYORK,BEARISH,2026-05-22T13:00:00+00:00,M1_PRE_ENTRY_60M_AND_CANONICAL_BIAS_GATE,AG_GEN001_REGIME_V1
LONDON_NEWYORK_2026-05-22_2026-05-22 13:30:00+00:00_S3_PULLBACK_CONTINUATION,30,S3_PULLBACK_CONTINUATION,2026-05-22T13:30:00+00:00,1.16037,1.1619202810683622,2026-05-22T14:00:00+00:00,30.0,0.025801772863080538,0.09675664823699236,-0.07095487537391182,0.3096212743582555,-0.4708823547534398,21.0,,,,TIME_STOP,0.0015502810683623025,13,TREND,NORMAL,LONDON_NEWYORK,BEARISH,2026-05-22T13:30:00+00:00,M1_PRE_ENTRY_60M_AND_CANONICAL_BIAS_GATE,AG_GEN001_REGIME_V1
LONDON_NEWYORK_2026-05-22_2026-05-22 13:45:00+00:00_S3_PULLBACK_CONTINUATION,30,S3_PULLBACK_CONTINUATION,2026-05-22T13:45:00+00:00,1.16033,1.1619201181349077,2026-05-22T14:15:00+00:00,30.0,0.8804377292894705,0.0943326138524387,0.7861051154370318,0.9181707748304139,-0.1257768184699044,19.0,,,,TIME_STOP,0.0015901181349076143,13,RANGE,NORMAL,LONDON_NEWYORK,BEARISH,2026-05-22T13:45:00+00:00,M1_PRE_ENTRY_60M_AND_CANONICAL_BIAS_GATE,AG_GEN001_REGIME_V1
LONDON_NEWYORK_2026-05-25_2026-05-25 14:45:00+00:00_S1_SWEEP_REVERSAL,30,S1_SWEEP_REVERSAL,2026-05-25T14:45:00+00:00,1.16414,1.164662590148532,2026-05-25T14:59:00+00:00,14.0,0.0,0.28703181723072263,-0.28703181723072263,0.2487609082665564,-0.8419599972101119,13.0,,,,SESSION_EXIT_FULL_POSITION,0.000522590148531954,14,TREND,NORMAL,LONDON_NEWYORK,BEARISH,2026-05-25T14:45:00+00:00,M1_PRE_ENTRY_60M_AND_CANONICAL_BIAS_GATE,AG_GEN001_REGIME_V1
ASIAN_LONDON_2026-05-26_2026-05-26 07:30:00+00:00_S1_SWEEP_REVERSAL,30,S1_SWEEP_REVERSAL,2026-05-26T07:30:00+00:00,1.16351,1.1640621822729404,2026-05-26T08:00:00+00:00,30.0,-0.23542950647021943,0.27164943054263724,-0.5070789370128567,0.5070789370130278,-0.8511682157002097,4.0,,,,TIME_STOP,0.0005521822729404047,7,RANGE,NORMAL,ASIAN_LONDON,BEARISH,2026-05-26T07:30:00+00:00,M1_PRE_ENTRY_60M_AND_CANONICAL_BIAS_GATE,AG_GEN001_REGIME_V1
ASIAN_LONDON_2026-05-26_2026-05-26 08:45:00+00:00_S3_PULLBACK_CONTINUATION,30,S3_PULLBACK_CONTINUATION,2026-05-26T08:45:00+00:00,1.16358,1.1642440825003475,2026-05-26T09:15:00+00:00,30.0,-0.24093391998167063,0.2258755499829038,-0.4668094699645744,0.5571596899578014,-0.7228017599453462,21.0,,,,TIME_STOP,0.0006640825003474404,8,RANGE,NORMAL,ASIAN_LONDON,BEARISH,2026-05-26T08:45:00+00:00,M1_PRE_ENTRY_60M_AND_CANONICAL_BIAS_GATE,AG_GEN001_REGIME_V1
ASIAN_LONDON_2026-05-26_2026-05-26 09:00:00+00:00_S3_PULLBACK_CONTINUATION,30,S3_PULLBACK_CONTINUATION,2026-05-26T09:00:00+00:00,1.16374,1.164246648036037,2026-05-26T09:30:00+00:00,30.0,-0.7697651471240874,0.29606351812456366,-1.065828665248651,1.046091097373299,-0.8684529864987119,6.0,6.0,,,TIME_STOP,0.0005066480360369496,9,RANGE,NORMAL,ASIAN_LONDON,BEARISH,2026-05-26T09:00:00+00:00,M1_PRE_ENTRY_60M_AND_CANONICAL_BIAS_GATE,AG_GEN001_REGIME_V1
ASIAN_LONDON_2026-05-27_2026-05-27 07:00:00+00:00_S1_SWEEP_REVERSAL,30,S1_SWEEP_REVERSAL,2026-05-27T07:00:00+00:00,1.1644,1.1649010974394687,2026-05-27T07:30:00+00:00,30.0,-0.15964958848063399,0.2993429784017202,-0.4589925668823542,0.4789487654427882,-0.8581165380847924,18.0,,,,TIME_STOP,0.0005010974394685785,7,TREND,NORMAL,ASIAN_LONDON,BEARISH,2026-05-27T07:00:00+00:00,M1_PRE_ENTRY_60M_AND_CANONICAL_BIAS_GATE,AG_GEN001_REGIME_V1
ASIAN_LONDON_2026-05-27_2026-05-27 07:45:00+00:00_S3_PULLBACK_CONTINUATION,30,S3_PULLBACK_CONTINUATION,2026-05-27T07:45:00+00:00,1.16399,1.1649482511204492,2026-05-27T08:15:00+00:00,30.0,-0.323506013595391,0.1565351678688333,-0.4800411814642243,0.22958491287440258,-0.7096260943387255,16.0,,,,TIME_STOP,0.0009582511204491162,7,RANGE,NORMAL,ASIAN_LONDON,BEARISH,2026-05-27T07:45:00+00:00,M1_PRE_ENTRY_60M_AND_CANONICAL_BIAS_GATE,AG_GEN001_REGIME_V1
ASIAN_LONDON_2026-05-27_2026-05-27 10:15:00+00:00_S3_PULLBACK_CONTINUATION,30,S3_PULLBACK_CONTINUATION,2026-05-27T10:15:00+00:00,1.16371,1.1648798099874955,2026-05-27T10:45:00+00:00,30.0,-0.06838717471660159,0.12822595259349975,-0.19661312731010133,0.12822595259358055,-0.5300006040531878,25.0,,,,TIME_STOP,0.001169809987495496,10,RANGE,LOW,ASIAN_LONDON,BEARISH,2026-05-27T10:15:00+00:00,M1_PRE_ENTRY_60M_AND_CANONICAL_BIAS_GATE,AG_GEN001_REGIME_V1
LONDON_NEWYORK_2026-05-27_2026-05-27 12:45:00+00:00_S1_SWEEP_REVERSAL,30,S1_SWEEP_REVERSAL,2026-05-27T12:45:00+00:00,1.16432,1.1655985771718675,2026-05-27T13:15:00+00:00,30.0,-0.1173179087663348,0.11731790876643455,-0.23463581753276935,0.15642387835522883,-0.8994373005426527,15.0,,,,TIME_STOP,0.0012785771718675232,12,TREND,NORMAL,LONDON_NEWYORK,BEARISH,2026-05-27T12:45:00+00:00,M1_PRE_ENTRY_60M_AND_CANONICAL_BIAS_GATE,AG_GEN001_REGIME_V1
LONDON_NEWYORK_2026-05-27_2026-05-27 13:00:00+00:00_S3_PULLBACK_CONTINUATION,30,S3_PULLBACK_CONTINUATION,2026-05-27T13:00:00+00:00,1.16447,1.1662069645167341,2026-05-27T13:30:00+00:00,30.0,0.22452962984710542,0.08635754994121866,0.13817207990588676,0.3166443497843696,-0.16120075989030822,30.0,,,,TIME_STOP,0.0017369645167342185,13,TREND,NORMAL,LONDON_NEWYORK,BEARISH,2026-05-27T13:00:00+00:00,M1_PRE_ENTRY_60M_AND_CANONICAL_BIAS_GATE,AG_GEN001_REGIME_V1
LONDON_NEWYORK_2026-05-27_2026-05-27 13:15:00+00:00_S3_PULLBACK_CONTINUATION,30,S3_PULLBACK_CONTINUATION,2026-05-27T13:15:00+00:00,1.16408,1.1662091813369675,2026-05-27T13:45:00+00:00,30.0,-0.028179844975254508,0.07044961243819618,-0.0986294574134507,0.09862945741349506,-0.2958883722403809,16.0,,,,TIME_STOP,0.0021291813369674895,13,TREND,NORMAL,LONDON_NEWYORK,BEARISH,2026-05-27T13:15:00+00:00,M1_PRE_ENTRY_60M_AND_CANONICAL_BIAS_GATE,AG_GEN001_REGIME_V1
ASIAN_LONDON_2026-06-01_2026-06-01 07:30:00+00:00_S1_SWEEP_REVERSAL,30,S1_SWEEP_REVERSAL,2026-06-01T07:30:00+00:00,1.1653,1.1659312089432707,2026-06-01T08:00:00+00:00,30.0,-0.5069636661704363,0.23763921851731926,-0.7446028846877556,0.3010096767884657,-0.8713438012302505,17.0,,,,TIME_STOP,0.0006312089432707335,7,TREND,NORMAL,ASIAN_LONDON,BEARISH,2026-06-01T07:30:00+00:00,M1_PRE_ENTRY_60M_AND_CANONICAL_BIAS_GATE,AG_GEN001_REGIME_V1
ASIAN_LONDON_2026-06-01_2026-06-01 09:00:00+00:00_S3_PULLBACK_CONTINUATION,30,S3_PULLBACK_CONTINUATION,2026-06-01T09:00:00+00:00,1.16515,1.1656517581694623,2026-06-01T09:01:00+00:00,1.0,-1.0,0.2989487947166115,-1.2989487947166114,0.0,0.0,,,,,SL,0.0005017581694624074,9,RANGE,NORMAL,ASIAN_LONDON,BEARISH,2026-06-01T09:00:00+00:00,M1_PRE_ENTRY_60M_AND_CANONICAL_BIAS_GATE,AG_GEN001_REGIME_V1
LONDON_NEWYORK_2026-06-02_2026-06-02 12:30:00+00:00_S1_SWEEP_REVERSAL,30,S1_SWEEP_REVERSAL,2026-06-02T12:30:00+00:00,1.16505,1.1655657157205748,2026-06-02T13:00:00+00:00,30.0,0.11634316660556546,0.290857916514161,-0.17451474990859553,0.3490294998166964,-0.8531832217748643,2.0,,,,TIME_STOP,0.0005157157205748497,12,TREND,NORMAL,LONDON_NEWYORK,BEARISH,2026-06-02T12:30:00+00:00,M1_PRE_ENTRY_60M_AND_CANONICAL_BIAS_GATE,AG_GEN001_REGIME_V1
LONDON_NEWYORK_2026-06-02_2026-06-02 13:15:00+00:00_S3_PULLBACK_CONTINUATION,30,S3_PULLBACK_CONTINUATION,2026-06-02T13:15:00+00:00,1.16451,1.1655676550430403,2026-06-02T13:45:00+00:00,30.0,0.12291342139897042,0.1418231785373134,-0.01890975713834299,0.1418231785371928,-0.4349244141812145,30.0,,,,TIME_STOP,0.0010576550430403397,13,RANGE,NORMAL,LONDON_NEWYORK,BEARISH,2026-06-02T13:15:00+00:00,M1_PRE_ENTRY_60M_AND_CANONICAL_BIAS_GATE,AG_GEN001_REGIME_V1
ASIAN_LONDON_2026-06-04_2026-06-04 08:30:00+00:00_S1_SWEEP_REVERSAL,30,S1_SWEEP_REVERSAL,2026-06-04T08:30:00+00:00,1.1607,1.16144651932735,2026-06-04T09:00:00+00:00,30.0,-1.0,0.20093250704236423,-1.2009325070423642,0.12055950422561346,-0.8707075305169644,10.0,,,,SL,0.000746519327349926,8,TREND,NORMAL,ASIAN_LONDON,BEARISH,2026-06-04T08:30:00+00:00,M1_PRE_ENTRY_60M_AND_CANONICAL_BIAS_GATE,AG_GEN001_REGIME_V1
ASIAN_LONDON_2026-06-08_2026-06-08 08:45:00+00:00_S2_BREAKOUT_CONTINUATION,30,S2_BREAKOUT_CONTINUATION,2026-06-08T08:45:00+00:00,1.15077,1.1514416166836998,2026-06-08T08:46:00+00:00,1.0,-1.0,0.22334168230260712,-1.223341682302607,0.0,0.0,,,,,SL,0.0006716166836997495,8,TREND,NORMAL,ASIAN_LONDON,BEARISH,2026-06-08T08:45:00+00:00,M1_PRE_ENTRY_60M_AND_CANONICAL_BIAS_GATE,AG_GEN001_REGIME_V1
ASIAN_LONDON_2026-06-10_2026-06-10 07:15:00+00:00_S1_SWEEP_REVERSAL,30,S1_SWEEP_REVERSAL,2026-06-10T07:15:00+00:00,1.1553,1.1559149624605383,2026-06-10T07:45:00+00:00,30.0,-0.06504462071559357,0.24391732768323196,-0.3089619483988255,0.13008924143118714,-0.8455800693019943,16.0,,,,TIME_STOP,0.0006149624605382709,7,RANGE,NORMAL,ASIAN_LONDON,BEARISH,2026-06-10T07:15:00+00:00,M1_PRE_ENTRY_60M_AND_CANONICAL_BIAS_GATE,AG_GEN001_REGIME_V1
ASIAN_LONDON_2026-06-10_2026-06-10 08:00:00+00:00_S3_PULLBACK_CONTINUATION,30,S3_PULLBACK_CONTINUATION,2026-06-10T08:00:00+00:00,1.15487,1.1559121933403071,2026-06-10T08:30:00+00:00,30.0,-0.36461564788744383,0.14392722942923636,-0.5085428773166802,0.11514178354350423,-0.4125913910304108,5.0,,,,TIME_STOP,0.0010421933403070849,8,TREND,NORMAL,ASIAN_LONDON,BEARISH,2026-06-10T08:00:00+00:00,M1_PRE_ENTRY_60M_AND_CANONICAL_BIAS_GATE,AG_GEN001_REGIME_V1
ASIAN_LONDON_2026-06-10_2026-06-10 08:30:00+00:00_S3_PULLBACK_CONTINUATION,30,S3_PULLBACK_CONTINUATION,2026-06-10T08:30:00+00:00,1.15498,1.155910044257714,2026-06-10T09:00:00+00:00,30.0,-0.3333174711082937,0.1612826473104478,-0.4946001184187415,0.21504352974724003,-0.3440696475957273,17.0,,,,TIME_STOP,0.0009300442577140355,8,RANGE,NORMAL,ASIAN_LONDON,BEARISH,2026-06-10T08:30:00+00:00,M1_PRE_ENTRY_60M_AND_CANONICAL_BIAS_GATE,AG_GEN001_REGIME_V1
LONDON_NEWYORK_2026-06-10_2026-06-10 12:45:00+00:00_S1_SWEEP_REVERSAL,30,S1_SWEEP_REVERSAL,2026-06-10T12:45:00+00:00,1.1548,1.1565672120288129,2026-06-10T13:15:00+00:00,30.0,-0.3508350949921686,0.08487945846586875,-0.43571455345803733,0.062244936208334586,-0.9166981514313569,23.0,,,,TIME_STOP,0.0017672120288128035,12,TREND,NORMAL,LONDON_NEWYORK,BEARISH,2026-06-10T12:45:00+00:00,M1_PRE_ENTRY_60M_AND_CANONICAL_BIAS_GATE,AG_GEN001_REGIME_V1
ASIAN_LONDON_2026-06-12_2026-06-12 08:15:00+00:00_S1_SWEEP_REVERSAL,30,S1_SWEEP_REVERSAL,2026-06-12T08:15:00+00:00,1.15754,1.158636167699635,2026-06-12T08:45:00+00:00,30.0,-0.4105211275153243,0.13684037583842276,-0.5473615033537471,0.574729578521292,-0.8757784053659712,2.0,,,,TIME_STOP,0.0010961676996350533,8,TREND,NORMAL,ASIAN_LONDON,BEARISH,2026-06-12T08:15:00+00:00,M1_PRE_ENTRY_60M_AND_CANONICAL_BIAS_GATE,AG_GEN001_REGIME_V1
ASIAN_LONDON_2026-06-12_2026-06-12 10:30:00+00:00_S3_PULLBACK_CONTINUATION,30,S3_PULLBACK_CONTINUATION,2026-06-12T10:30:00+00:00,1.15755,1.1590356721230193,2026-06-12T10:59:00+00:00,29.0,0.1346192049383923,0.10096440370380534,0.03365480123458696,0.2827003303707135,-0.23558360864211178,28.0,,,,SESSION_EXIT_FULL_POSITION,0.0014856721230191994,10,TREND,NORMAL,ASIAN_LONDON,BEARISH,2026-06-12T10:30:00+00:00,M1_PRE_ENTRY_60M_AND_CANONICAL_BIAS_GATE,AG_GEN001_REGIME_V1
LONDON_NEWYORK_2026-06-15_2026-06-15 12:45:00+00:00_S1_SWEEP_REVERSAL,30,S1_SWEEP_REVERSAL,2026-06-15T12:45:00+00:00,1.16148,1.1620197203749296,2026-06-15T13:15:00+00:00,30.0,0.018528112823924348,0.27792169235704456,-0.2593935795331202,0.6114277231858009,-0.7967088514233988,18.0,,,,TIME_STOP,0.0005397203749295532,12,TREND,NORMAL,LONDON_NEWYORK,BEARISH,2026-06-15T12:45:00+00:00,M1_PRE_ENTRY_60M_AND_CANONICAL_BIAS_GATE,AG_GEN001_REGIME_V1
LONDON_NEWYORK_2026-06-15_2026-06-15 14:15:00+00:00_S3_PULLBACK_CONTINUATION,30,S3_PULLBACK_CONTINUATION,2026-06-15T14:15:00+00:00,1.16118,1.1621102202139937,2026-06-15T14:45:00+00:00,30.0,0.6020079886201866,0.16125213980894515,0.4407558488112414,0.731009700467233,-0.3010039943098546,28.0,,,,TIME_STOP,0.0009302202139935822,14,RANGE,NORMAL,LONDON_NEWYORK,BEARISH,2026-06-15T14:15:00+00:00,M1_PRE_ENTRY_60M_AND_CANONICAL_BIAS_GATE,AG_GEN001_REGIME_V1
LONDON_NEWYORK_2026-06-15_2026-06-15 14:30:00+00:00_S3_PULLBACK_CONTINUATION,30,S3_PULLBACK_CONTINUATION,2026-06-15T14:30:00+00:00,1.16062,1.1621134901987082,2026-06-15T14:59:00+00:00,29.0,-0.06695725227154518,0.10043587840732883,-0.167393130678874,0.08034870272579474,-0.3749606127207719,13.0,,,,SESSION_EXIT_FULL_POSITION,0.0014934901987082583,14,TREND,NORMAL,LONDON_NEWYORK,BEARISH,2026-06-15T14:30:00+00:00,M1_PRE_ENTRY_60M_AND_CANONICAL_BIAS_GATE,AG_GEN001_REGIME_V1
LONDON_NEWYORK_2026-05-18_2026-05-18 14:30:00+00:00_S1_SWEEP_REVERSAL,45,S1_SWEEP_REVERSAL,2026-05-18T14:30:00+00:00,1.16422,1.164835942697063,2026-05-18T14:59:00+00:00,29.0,0.1298822120654383,0.24352914762245323,-0.11364693555701494,0.22729387111433674,-0.7792932723919087,6.0,,,,SESSION_EXIT_FULL_POSITION,0.0006159426970628878,14,TREND,HIGH,LONDON_NEWYORK,BEARISH,2026-05-18T14:30:00+00:00,M1_PRE_ENTRY_60M_AND_CANONICAL_BIAS_GATE,AG_GEN001_REGIME_V1
LONDON_NEWYORK_2026-05-19_2026-05-19 13:15:00+00:00_S2_BREAKOUT_CONTINUATION,45,S2_BREAKOUT_CONTINUATION,2026-05-19T13:15:00+00:00,1.16051,1.161175703007752,2026-05-19T13:16:00+00:00,1.0,-1.0,0.2253257056874333,-1.2253257056874334,0.0,0.0,,,,,SL,0.0006657030077521497,13,TREND,NORMAL,LONDON_NEWYORK,BEARISH,2026-05-19T13:15:00+00:00,M1_PRE_ENTRY_60M_AND_CANONICAL_BIAS_GATE,AG_GEN001_REGIME_V1
LONDON_NEWYORK_2026-05-21_2026-05-21 13:15:00+00:00_S2_BREAKOUT_CONTINUATION,45,S2_BREAKOUT_CONTINUATION,2026-05-21T13:15:00+00:00,1.15887,1.1594380200998575,2026-05-21T13:16:00+00:00,1.0,-1.0,0.2640751621952142,-1.2640751621952142,0.0,0.0,,,,,SL,0.000568020099857458,13,RANGE,HIGH,LONDON_NEWYORK,BEARISH,2026-05-21T13:15:00+00:00,M1_PRE_ENTRY_60M_AND_CANONICAL_BIAS_GATE,AG_GEN001_REGIME_V1
LONDON_NEWYORK_2026-05-22_2026-05-22 13:00:00+00:00_S1_SWEEP_REVERSAL,45,S1_SWEEP_REVERSAL,2026-05-22T13:00:00+00:00,1.16123,1.1619161602923016,2026-05-22T13:45:00+00:00,45.0,1.253351453951592,0.2186078117357217,1.0347436422158702,1.5302546821500451,-0.8161358304801967,43.0,2.0,,,TIME_STOP,0.0006861602923016186,13,TREND,NORMAL,LONDON_NEWYORK,BEARISH,2026-05-22T13:00:00+00:00,M1_PRE_ENTRY_60M_AND_CANONICAL_BIAS_GATE,AG_GEN001_REGIME_V1
LONDON_NEWYORK_2026-05-22_2026-05-22 13:30:00+00:00_S3_PULLBACK_CONTINUATION,45,S3_PULLBACK_CONTINUATION,2026-05-22T13:30:00+00:00,1.16037,1.1619202810683622,2026-05-22T14:15:00+00:00,45.0,0.928863823075053,0.09675664823699236,0.8321071748380606,0.967566482369817,-0.4708823547534398,34.0,,,,TIME_STOP,0.0015502810683623025,13,TREND,NORMAL,LONDON_NEWYORK,BEARISH,2026-05-22T13:30:00+00:00,M1_PRE_ENTRY_60M_AND_CANONICAL_BIAS_GATE,AG_GEN001_REGIME_V1
LONDON_NEWYORK_2026-05-22_2026-05-22 13:45:00+00:00_S3_PULLBACK_CONTINUATION,45,S3_PULLBACK_CONTINUATION,2026-05-22T13:45:00+00:00,1.16033,1.1619201181349077,2026-05-22T14:30:00+00:00,45.0,0.45908538741527677,0.0943326138524387,0.3647527735628381,0.9810591840653661,-0.1257768184699044,33.0,,,,TIME_STOP,0.0015901181349076143,13,RANGE,NORMAL,LONDON_NEWYORK,BEARISH,2026-05-22T13:45:00+00:00,M1_PRE_ENTRY_60M_AND_CANONICAL_BIAS_GATE,AG_GEN001_REGIME_V1
LONDON_NEWYORK_2026-05-25_2026-05-25 14:45:00+00:00_S1_SWEEP_REVERSAL,45,S1_SWEEP_REVERSAL,2026-05-25T14:45:00+00:00,1.16414,1.164662590148532,2026-05-25T14:59:00+00:00,14.0,0.0,0.28703181723072263,-0.28703181723072263,0.2487609082665564,-0.8419599972101119,13.0,,,,SESSION_EXIT_FULL_POSITION,0.000522590148531954,14,TREND,NORMAL,LONDON_NEWYORK,BEARISH,2026-05-25T14:45:00+00:00,M1_PRE_ENTRY_60M_AND_CANONICAL_BIAS_GATE,AG_GEN001_REGIME_V1
ASIAN_LONDON_2026-05-26_2026-05-26 07:30:00+00:00_S1_SWEEP_REVERSAL,45,S1_SWEEP_REVERSAL,2026-05-26T07:30:00+00:00,1.16351,1.1640621822729404,2026-05-26T08:15:00+00:00,45.0,-0.5251888990489201,0.27164943054263724,-0.7968383295915573,0.5070789370130278,-0.8873881397723965,4.0,,,,TIME_STOP,0.0005521822729404047,7,RANGE,NORMAL,ASIAN_LONDON,BEARISH,2026-05-26T07:30:00+00:00,M1_PRE_ENTRY_60M_AND_CANONICAL_BIAS_GATE,AG_GEN001_REGIME_V1
ASIAN_LONDON_2026-05-26_2026-05-26 08:45:00+00:00_S3_PULLBACK_CONTINUATION,45,S3_PULLBACK_CONTINUATION,2026-05-26T08:45:00+00:00,1.16358,1.1642440825003475,2026-05-26T09:30:00+00:00,45.0,-0.8282103499373898,0.2258755499829038,-1.0540858999202936,0.5571596899578014,-0.9035021999315156,21.0,,,,TIME_STOP,0.0006640825003474404,8,RANGE,NORMAL,ASIAN_LONDON,BEARISH,2026-05-26T08:45:00+00:00,M1_PRE_ENTRY_60M_AND_CANONICAL_BIAS_GATE,AG_GEN001_REGIME_V1
ASIAN_LONDON_2026-05-26_2026-05-26 09:00:00+00:00_S3_PULLBACK_CONTINUATION,45,S3_PULLBACK_CONTINUATION,2026-05-26T09:00:00+00:00,1.16374,1.164246648036037,2026-05-26T09:34:00+00:00,34.0,-1.0,0.29606351812456366,-1.2960635181245637,1.046091097373299,-0.9671408258737748,6.0,6.0,,,SL,0.0005066480360369496,9,RANGE,NORMAL,ASIAN_LONDON,BEARISH,2026-05-26T09:00:00+00:00,M1_PRE_ENTRY_60M_AND_CANONICAL_BIAS_GATE,AG_GEN001_REGIME_V1
ASIAN_LONDON_2026-05-27_2026-05-27 07:00:00+00:00_S1_SWEEP_REVERSAL,45,S1_SWEEP_REVERSAL,2026-05-27T07:00:00+00:00,1.1644,1.1649010974394687,2026-05-27T07:45:00+00:00,45.0,-0.5986859568033744,0.2993429784017202,-0.8980289352050946,0.4789487654427882,-0.8581165380847924,18.0,,,,TIME_STOP,0.0005010974394685785,7,TREND,NORMAL,ASIAN_LONDON,BEARISH,2026-05-27T07:00:00+00:00,M1_PRE_ENTRY_60M_AND_CANONICAL_BIAS_GATE,AG_GEN001_REGIME_V1
ASIAN_LONDON_2026-05-27_2026-05-27 07:45:00+00:00_S3_PULLBACK_CONTINUATION,45,S3_PULLBACK_CONTINUATION,2026-05-27T07:45:00+00:00,1.16399,1.1649482511204492,2026-05-27T08:30:00+00:00,45.0,-0.6887547386227443,0.1565351678688333,-0.8452899064915775,0.22958491287440258,-0.7096260943387255,16.0,,,,TIME_STOP,0.0009582511204491162,7,RANGE,NORMAL,ASIAN_LONDON,BEARISH,2026-05-27T07:45:00+00:00,M1_PRE_ENTRY_60M_AND_CANONICAL_BIAS_GATE,AG_GEN001_REGIME_V1
ASIAN_LONDON_2026-05-27_2026-05-27 10:15:00+00:00_S3_PULLBACK_CONTINUATION,45,S3_PULLBACK_CONTINUATION,2026-05-27T10:15:00+00:00,1.16371,1.1648798099874955,2026-05-27T10:59:00+00:00,44.0,-0.11967755575395789,0.12822595259349975,-0.24790350834745764,0.14532274627263603,-0.5300006040531878,38.0,,,,SESSION_EXIT_FULL_POSITION,0.001169809987495496,10,RANGE,LOW,ASIAN_LONDON,BEARISH,2026-05-27T10:15:00+00:00,M1_PRE_ENTRY_60M_AND_CANONICAL_BIAS_GATE,AG_GEN001_REGIME_V1
LONDON_NEWYORK_2026-05-27_2026-05-27 12:45:00+00:00_S1_SWEEP_REVERSAL,45,S1_SWEEP_REVERSAL,2026-05-27T12:45:00+00:00,1.16432,1.1655985771718675,2026-05-27T13:30:00+00:00,45.0,0.18770865402630935,0.11731790876643455,0.07039074525987479,0.31284775671045767,-0.8994373005426527,45.0,,,,TIME_STOP,0.0012785771718675232,12,TREND,NORMAL,LONDON_NEWYORK,BEARISH,2026-05-27T12:45:00+00:00,M1_PRE_ENTRY_60M_AND_CANONICAL_BIAS_GATE,AG_GEN001_REGIME_V1
LONDON_NEWYORK_2026-05-27_2026-05-27 13:00:00+00:00_S3_PULLBACK_CONTINUATION,45,S3_PULLBACK_CONTINUATION,2026-05-27T13:00:00+00:00,1.16447,1.1662069645167341,2026-05-27T13:45:00+00:00,45.0,0.18998660987064733,0.08635754994121866,0.10362905992942867,0.3454301997648366,-0.16120075989030822,31.0,,,,TIME_STOP,0.0017369645167342185,13,TREND,NORMAL,LONDON_NEWYORK,BEARISH,2026-05-27T13:00:00+00:00,M1_PRE_ENTRY_60M_AND_CANONICAL_BIAS_GATE,AG_GEN001_REGIME_V1
LONDON_NEWYORK_2026-05-27_2026-05-27 13:15:00+00:00_S3_PULLBACK_CONTINUATION,45,S3_PULLBACK_CONTINUATION,2026-05-27T13:15:00+00:00,1.16408,1.1662091813369675,2026-05-27T14:00:00+00:00,45.0,0.0,0.07044961243819618,-0.07044961243819618,0.1737757106808752,-0.2958883722403809,42.0,,,,TIME_STOP,0.0021291813369674895,13,TREND,NORMAL,LONDON_NEWYORK,BEARISH,2026-05-27T13:15:00+00:00,M1_PRE_ENTRY_60M_AND_CANONICAL_BIAS_GATE,AG_GEN001_REGIME_V1
ASIAN_LONDON_2026-06-01_2026-06-01 07:30:00+00:00_S1_SWEEP_REVERSAL,45,S1_SWEEP_REVERSAL,2026-06-01T07:30:00+00:00,1.1653,1.1659312089432707,2026-06-01T08:15:00+00:00,45.0,-0.7287602701196284,0.23763921851731926,-0.9663994886369477,0.3010096767884657,-0.8713438012302505,17.0,,,,TIME_STOP,0.0006312089432707335,7,TREND,NORMAL,ASIAN_LONDON,BEARISH,2026-06-01T07:30:00+00:00,M1_PRE_ENTRY_60M_AND_CANONICAL_BIAS_GATE,AG_GEN001_REGIME_V1
ASIAN_LONDON_2026-06-01_2026-06-01 09:00:00+00:00_S3_PULLBACK_CONTINUATION,45,S3_PULLBACK_CONTINUATION,2026-06-01T09:00:00+00:00,1.16515,1.1656517581694623,2026-06-01T09:01:00+00:00,1.0,-1.0,0.2989487947166115,-1.2989487947166114,0.0,0.0,,,,,SL,0.0005017581694624074,9,RANGE,NORMAL,ASIAN_LONDON,BEARISH,2026-06-01T09:00:00+00:00,M1_PRE_ENTRY_60M_AND_CANONICAL_BIAS_GATE,AG_GEN001_REGIME_V1
LONDON_NEWYORK_2026-06-02_2026-06-02 12:30:00+00:00_S1_SWEEP_REVERSAL,45,S1_SWEEP_REVERSAL,2026-06-02T12:30:00+00:00,1.16505,1.1655657157205748,2026-06-02T13:15:00+00:00,45.0,0.4847631941899996,0.290857916514161,0.1939052776758386,0.6980589996338233,-0.8531832217748643,44.0,,,,TIME_STOP,0.0005157157205748497,12,TREND,NORMAL,LONDON_NEWYORK,BEARISH,2026-06-02T12:30:00+00:00,M1_PRE_ENTRY_60M_AND_CANONICAL_BIAS_GATE,AG_GEN001_REGIME_V1
LONDON_NEWYORK_2026-06-02_2026-06-02 13:15:00+00:00_S3_PULLBACK_CONTINUATION,45,S3_PULLBACK_CONTINUATION,2026-06-02T13:15:00+00:00,1.16451,1.1655676550430403,2026-06-02T14:00:00+00:00,45.0,0.2174622070905023,0.1418231785373134,0.07563902855318888,0.5672927141491911,-0.4349244141812145,38.0,,,,TIME_STOP,0.0010576550430403397,13,RANGE,NORMAL,LONDON_NEWYORK,BEARISH,2026-06-02T13:15:00+00:00,M1_PRE_ENTRY_60M_AND_CANONICAL_BIAS_GATE,AG_GEN001_REGIME_V1
ASIAN_LONDON_2026-06-04_2026-06-04 08:30:00+00:00_S1_SWEEP_REVERSAL,45,S1_SWEEP_REVERSAL,2026-06-04T08:30:00+00:00,1.1607,1.16144651932735,2026-06-04T09:00:00+00:00,30.0,-1.0,0.20093250704236423,-1.2009325070423642,0.12055950422561346,-0.8707075305169644,10.0,,,,SL,0.000746519327349926,8,TREND,NORMAL,ASIAN_LONDON,BEARISH,2026-06-04T08:30:00+00:00,M1_PRE_ENTRY_60M_AND_CANONICAL_BIAS_GATE,AG_GEN001_REGIME_V1
ASIAN_LONDON_2026-06-08_2026-06-08 08:45:00+00:00_S2_BREAKOUT_CONTINUATION,45,S2_BREAKOUT_CONTINUATION,2026-06-08T08:45:00+00:00,1.15077,1.1514416166836998,2026-06-08T08:46:00+00:00,1.0,-1.0,0.22334168230260712,-1.223341682302607,0.0,0.0,,,,,SL,0.0006716166836997495,8,TREND,NORMAL,ASIAN_LONDON,BEARISH,2026-06-08T08:45:00+00:00,M1_PRE_ENTRY_60M_AND_CANONICAL_BIAS_GATE,AG_GEN001_REGIME_V1
ASIAN_LONDON_2026-06-10_2026-06-10 07:15:00+00:00_S1_SWEEP_REVERSAL,45,S1_SWEEP_REVERSAL,2026-06-10T07:15:00+00:00,1.1553,1.1559149624605383,2026-06-10T08:00:00+00:00,45.0,-0.03252231035761625,0.24391732768323196,-0.2764396380408482,0.2927007932199905,-0.8455800693019943,39.0,,,,TIME_STOP,0.0006149624605382709,7,RANGE,NORMAL,ASIAN_LONDON,BEARISH,2026-06-10T07:15:00+00:00,M1_PRE_ENTRY_60M_AND_CANONICAL_BIAS_GATE,AG_GEN001_REGIME_V1
ASIAN_LONDON_2026-06-10_2026-06-10 08:00:00+00:00_S3_PULLBACK_CONTINUATION,45,S3_PULLBACK_CONTINUATION,2026-06-10T08:00:00+00:00,1.15487,1.1559121933403071,2026-06-10T08:45:00+00:00,45.0,-0.10554663491461255,0.14392722942923636,-0.2494738643438489,0.11514178354350423,-0.4125913910304108,5.0,,,,TIME_STOP,0.0010421933403070849,8,TREND,NORMAL,ASIAN_LONDON,BEARISH,2026-06-10T08:00:00+00:00,M1_PRE_ENTRY_60M_AND_CANONICAL_BIAS_GATE,AG_GEN001_REGIME_V1
ASIAN_LONDON_2026-06-10_2026-06-10 08:30:00+00:00_S3_PULLBACK_CONTINUATION,45,S3_PULLBACK_CONTINUATION,2026-06-10T08:30:00+00:00,1.15498,1.155910044257714,2026-06-10T09:15:00+00:00,45.0,-0.064513058924363,0.1612826473104478,-0.22579570623481082,0.21504352974724003,-0.677387118704021,17.0,,,,TIME_STOP,0.0009300442577140355,8,RANGE,NORMAL,ASIAN_LONDON,BEARISH,2026-06-10T08:30:00+00:00,M1_PRE_ENTRY_60M_AND_CANONICAL_BIAS_GATE,AG_GEN001_REGIME_V1
LONDON_NEWYORK_2026-06-10_2026-06-10 12:45:00+00:00_S1_SWEEP_REVERSAL,45,S1_SWEEP_REVERSAL,2026-06-10T12:45:00+00:00,1.1548,1.1565672120288129,2026-06-10T13:30:00+00:00,45.0,-0.4923008591019971,0.08487945846586875,-0.5771803175678658,0.062244936208334586,-0.9166981514313569,23.0,,,,TIME_STOP,0.0017672120288128035,12,TREND,NORMAL,LONDON_NEWYORK,BEARISH,2026-06-10T12:45:00+00:00,M1_PRE_ENTRY_60M_AND_CANONICAL_BIAS_GATE,AG_GEN001_REGIME_V1
ASIAN_LONDON_2026-06-12_2026-06-12 08:15:00+00:00_S1_SWEEP_REVERSAL,45,S1_SWEEP_REVERSAL,2026-06-12T08:15:00+00:00,1.15754,1.158636167699635,2026-06-12T09:00:00+00:00,45.0,-0.07298153378056513,0.13684037583842276,-0.2098219096189879,0.574729578521292,-0.8757784053659712,2.0,,,,TIME_STOP,0.0010961676996350533,8,TREND,NORMAL,ASIAN_LONDON,BEARISH,2026-06-12T08:15:00+00:00,M1_PRE_ENTRY_60M_AND_CANONICAL_BIAS_GATE,AG_GEN001_REGIME_V1
ASIAN_LONDON_2026-06-12_2026-06-12 10:30:00+00:00_S3_PULLBACK_CONTINUATION,45,S3_PULLBACK_CONTINUATION,2026-06-12T10:30:00+00:00,1.15755,1.1590356721230193,2026-06-12T10:59:00+00:00,29.0,0.1346192049383923,0.10096440370380534,0.03365480123458696,0.2827003303707135,-0.23558360864211178,28.0,,,,SESSION_EXIT_FULL_POSITION,0.0014856721230191994,10,TREND,NORMAL,ASIAN_LONDON,BEARISH,2026-06-12T10:30:00+00:00,M1_PRE_ENTRY_60M_AND_CANONICAL_BIAS_GATE,AG_GEN001_REGIME_V1
LONDON_NEWYORK_2026-06-15_2026-06-15 12:45:00+00:00_S1_SWEEP_REVERSAL,45,S1_SWEEP_REVERSAL,2026-06-15T12:45:00+00:00,1.16148,1.1620197203749296,2026-06-15T13:30:00+00:00,45.0,-0.24086546670937092,0.27792169235704456,-0.5187871590664155,0.6114277231858009,-0.7967088514233988,18.0,,,,TIME_STOP,0.0005397203749295532,12,TREND,NORMAL,LONDON_NEWYORK,BEARISH,2026-06-15T12:45:00+00:00,M1_PRE_ENTRY_60M_AND_CANONICAL_BIAS_GATE,AG_GEN001_REGIME_V1
LONDON_NEWYORK_2026-06-15_2026-06-15 14:15:00+00:00_S3_PULLBACK_CONTINUATION,45,S3_PULLBACK_CONTINUATION,2026-06-15T14:15:00+00:00,1.16118,1.1621102202139937,2026-06-15T14:59:00+00:00,44.0,0.49450656208090166,0.16125213980894515,0.33325442227195645,0.731009700467233,-0.3010039943098546,28.0,,,,SESSION_EXIT_FULL_POSITION,0.0009302202139935822,14,RANGE,NORMAL,LONDON_NEWYORK,BEARISH,2026-06-15T14:15:00+00:00,M1_PRE_ENTRY_60M_AND_CANONICAL_BIAS_GATE,AG_GEN001_REGIME_V1
LONDON_NEWYORK_2026-06-15_2026-06-15 14:30:00+00:00_S3_PULLBACK_CONTINUATION,45,S3_PULLBACK_CONTINUATION,2026-06-15T14:30:00+00:00,1.16062,1.1621134901987082,2026-06-15T14:59:00+00:00,29.0,-0.06695725227154518,0.10043587840732883,-0.167393130678874,0.08034870272579474,-0.3749606127207719,13.0,,,,SESSION_EXIT_FULL_POSITION,0.0014934901987082583,14,TREND,NORMAL,LONDON_NEWYORK,BEARISH,2026-06-15T14:30:00+00:00,M1_PRE_ENTRY_60M_AND_CANONICAL_BIAS_GATE,AG_GEN001_REGIME_V1
LONDON_NEWYORK_2026-05-18_2026-05-18 14:30:00+00:00_S1_SWEEP_REVERSAL,60,S1_SWEEP_REVERSAL,2026-05-18T14:30:00+00:00,1.16422,1.164835942697063,2026-05-18T14:59:00+00:00,29.0,0.1298822120654383,0.24352914762245323,-0.11364693555701494,0.22729387111433674,-0.7792932723919087,6.0,,,,SESSION_EXIT_FULL_POSITION,0.0006159426970628878,14,TREND,HIGH,LONDON_NEWYORK,BEARISH,2026-05-18T14:30:00+00:00,M1_PRE_ENTRY_60M_AND_CANONICAL_BIAS_GATE,AG_GEN001_REGIME_V1
LONDON_NEWYORK_2026-05-19_2026-05-19 13:15:00+00:00_S2_BREAKOUT_CONTINUATION,60,S2_BREAKOUT_CONTINUATION,2026-05-19T13:15:00+00:00,1.16051,1.161175703007752,2026-05-19T13:16:00+00:00,1.0,-1.0,0.2253257056874333,-1.2253257056874334,0.0,0.0,,,,,SL,0.0006657030077521497,13,TREND,NORMAL,LONDON_NEWYORK,BEARISH,2026-05-19T13:15:00+00:00,M1_PRE_ENTRY_60M_AND_CANONICAL_BIAS_GATE,AG_GEN001_REGIME_V1
LONDON_NEWYORK_2026-05-21_2026-05-21 13:15:00+00:00_S2_BREAKOUT_CONTINUATION,60,S2_BREAKOUT_CONTINUATION,2026-05-21T13:15:00+00:00,1.15887,1.1594380200998575,2026-05-21T13:16:00+00:00,1.0,-1.0,0.2640751621952142,-1.2640751621952142,0.0,0.0,,,,,SL,0.000568020099857458,13,RANGE,HIGH,LONDON_NEWYORK,BEARISH,2026-05-21T13:15:00+00:00,M1_PRE_ENTRY_60M_AND_CANONICAL_BIAS_GATE,AG_GEN001_REGIME_V1
LONDON_NEWYORK_2026-05-22_2026-05-22 13:00:00+00:00_S1_SWEEP_REVERSAL,60,S1_SWEEP_REVERSAL,2026-05-22T13:00:00+00:00,1.16123,1.1619161602923016,2026-05-22T14:00:00+00:00,60.0,1.3116468704141857,0.2186078117357217,1.093039058678464,1.9528964515056302,-0.8161358304801967,51.0,2.0,,,TIME_STOP,0.0006861602923016186,13,TREND,NORMAL,LONDON_NEWYORK,BEARISH,2026-05-22T13:00:00+00:00,M1_PRE_ENTRY_60M_AND_CANONICAL_BIAS_GATE,AG_GEN001_REGIME_V1
LONDON_NEWYORK_2026-05-22_2026-05-22 13:30:00+00:00_S3_PULLBACK_CONTINUATION,60,S3_PULLBACK_CONTINUATION,2026-05-22T13:30:00+00:00,1.16037,1.1619202810683622,2026-05-22T14:30:00+00:00,60.0,0.49668412761652037,0.09675664823699236,0.399927479379528,1.0320709145278049,-0.4708823547534398,48.0,48.0,,,TIME_STOP,0.0015502810683623025,13,TREND,NORMAL,LONDON_NEWYORK,BEARISH,2026-05-22T13:30:00+00:00,M1_PRE_ENTRY_60M_AND_CANONICAL_BIAS_GATE,AG_GEN001_REGIME_V1
LONDON_NEWYORK_2026-05-22_2026-05-22 13:45:00+00:00_S3_PULLBACK_CONTINUATION,60,S3_PULLBACK_CONTINUATION,2026-05-22T13:45:00+00:00,1.16033,1.1619201181349077,2026-05-22T14:45:00+00:00,60.0,0.18866522770499625,0.0943326138524387,0.09433261385255755,0.9810591840653661,-0.1257768184699044,33.0,,,,TIME_STOP,0.0015901181349076143,13,RANGE,NORMAL,LONDON_NEWYORK,BEARISH,2026-05-22T13:45:00+00:00,M1_PRE_ENTRY_60M_AND_CANONICAL_BIAS_GATE,AG_GEN001_REGIME_V1
LONDON_NEWYORK_2026-05-25_2026-05-25 14:45:00+00:00_S1_SWEEP_REVERSAL,60,S1_SWEEP_REVERSAL,2026-05-25T14:45:00+00:00,1.16414,1.164662590148532,2026-05-25T14:59:00+00:00,14.0,0.0,0.28703181723072263,-0.28703181723072263,0.2487609082665564,-0.8419599972101119,13.0,,,,SESSION_EXIT_FULL_POSITION,0.000522590148531954,14,TREND,NORMAL,LONDON_NEWYORK,BEARISH,2026-05-25T14:45:00+00:00,M1_PRE_ENTRY_60M_AND_CANONICAL_BIAS_GATE,AG_GEN001_REGIME_V1
ASIAN_LONDON_2026-05-26_2026-05-26 07:30:00+00:00_S1_SWEEP_REVERSAL,60,S1_SWEEP_REVERSAL,2026-05-26T07:30:00+00:00,1.16351,1.1640621822729404,2026-05-26T08:19:00+00:00,49.0,-1.0,0.27164943054263724,-1.2716494305426371,0.5070789370130278,-0.9779379499534667,4.0,,,,SL,0.0005521822729404047,7,RANGE,NORMAL,ASIAN_LONDON,BEARISH,2026-05-26T07:30:00+00:00,M1_PRE_ENTRY_60M_AND_CANONICAL_BIAS_GATE,AG_GEN001_REGIME_V1
ASIAN_LONDON_2026-05-26_2026-05-26 08:45:00+00:00_S3_PULLBACK_CONTINUATION,60,S3_PULLBACK_CONTINUATION,2026-05-26T08:45:00+00:00,1.16358,1.1642440825003475,2026-05-26T09:34:00+00:00,49.0,-1.0,0.2258755499829038,-1.2258755499829037,0.5571596899578014,-0.9787940499259757,21.0,,,,SL,0.0006640825003474404,8,RANGE,NORMAL,ASIAN_LONDON,BEARISH,2026-05-26T08:45:00+00:00,M1_PRE_ENTRY_60M_AND_CANONICAL_BIAS_GATE,AG_GEN001_REGIME_V1
ASIAN_LONDON_2026-05-26_2026-05-26 09:00:00+00:00_S3_PULLBACK_CONTINUATION,60,S3_PULLBACK_CONTINUATION,2026-05-26T09:00:00+00:00,1.16374,1.164246648036037,2026-05-26T09:34:00+00:00,34.0,-1.0,0.29606351812456366,-1.2960635181245637,1.046091097373299,-0.9671408258737748,6.0,6.0,,,SL,0.0005066480360369496,9,RANGE,NORMAL,ASIAN_LONDON,BEARISH,2026-05-26T09:00:00+00:00,M1_PRE_ENTRY_60M_AND_CANONICAL_BIAS_GATE,AG_GEN001_REGIME_V1
ASIAN_LONDON_2026-05-27_2026-05-27 07:00:00+00:00_S1_SWEEP_REVERSAL,60,S1_SWEEP_REVERSAL,2026-05-27T07:00:00+00:00,1.1644,1.1649010974394687,2026-05-27T08:00:00+00:00,60.0,0.8182041409647447,0.2993429784017202,0.5188611625630245,0.8780727366450378,-0.8581165380847924,60.0,,,,TIME_STOP,0.0005010974394685785,7,TREND,NORMAL,ASIAN_LONDON,BEARISH,2026-05-27T07:00:00+00:00,M1_PRE_ENTRY_60M_AND_CANONICAL_BIAS_GATE,AG_GEN001_REGIME_V1
ASIAN_LONDON_2026-05-27_2026-05-27 07:45:00+00:00_S3_PULLBACK_CONTINUATION,60,S3_PULLBACK_CONTINUATION,2026-05-27T07:45:00+00:00,1.16399,1.1649482511204492,2026-05-27T08:45:00+00:00,60.0,-0.5530909264697935,0.1565351678688333,-0.7096260943386268,0.22958491287440258,-0.7096260943387255,16.0,,,,TIME_STOP,0.0009582511204491162,7,RANGE,NORMAL,ASIAN_LONDON,BEARISH,2026-05-27T07:45:00+00:00,M1_PRE_ENTRY_60M_AND_CANONICAL_BIAS_GATE,AG_GEN001_REGIME_V1
ASIAN_LONDON_2026-05-27_2026-05-27 10:15:00+00:00_S3_PULLBACK_CONTINUATION,60,S3_PULLBACK_CONTINUATION,2026-05-27T10:15:00+00:00,1.16371,1.1648798099874955,2026-05-27T10:59:00+00:00,44.0,-0.11967755575395789,0.12822595259349975,-0.24790350834745764,0.14532274627263603,-0.5300006040531878,38.0,,,,SESSION_EXIT_FULL_POSITION,0.001169809987495496,10,RANGE,LOW,ASIAN_LONDON,BEARISH,2026-05-27T10:15:00+00:00,M1_PRE_ENTRY_60M_AND_CANONICAL_BIAS_GATE,AG_GEN001_REGIME_V1
LONDON_NEWYORK_2026-05-27_2026-05-27 12:45:00+00:00_S1_SWEEP_REVERSAL,60,S1_SWEEP_REVERSAL,2026-05-27T12:45:00+00:00,1.16432,1.1655985771718675,2026-05-27T13:45:00+00:00,60.0,0.14078149051977543,0.11731790876643455,0.023463581753340873,0.35195372629935173,-0.8994373005426527,46.0,,,,TIME_STOP,0.0012785771718675232,12,TREND,NORMAL,LONDON_NEWYORK,BEARISH,2026-05-27T12:45:00+00:00,M1_PRE_ENTRY_60M_AND_CANONICAL_BIAS_GATE,AG_GEN001_REGIME_V1
LONDON_NEWYORK_2026-05-27_2026-05-27 13:00:00+00:00_S3_PULLBACK_CONTINUATION,60,S3_PULLBACK_CONTINUATION,2026-05-27T13:00:00+00:00,1.16447,1.1662069645167341,2026-05-27T14:00:00+00:00,60.0,0.22452962984710542,0.08635754994121866,0.13817207990588676,0.43754491970210074,-0.16120075989030822,57.0,,,,TIME_STOP,0.0017369645167342185,13,TREND,NORMAL,LONDON_NEWYORK,BEARISH,2026-05-27T13:00:00+00:00,M1_PRE_ENTRY_60M_AND_CANONICAL_BIAS_GATE,AG_GEN001_REGIME_V1
LONDON_NEWYORK_2026-05-27_2026-05-27 13:15:00+00:00_S3_PULLBACK_CONTINUATION,60,S3_PULLBACK_CONTINUATION,2026-05-27T13:15:00+00:00,1.16408,1.1662091813369675,2026-05-27T14:15:00+00:00,60.0,-0.32876485804487926,0.07044961243819618,-0.39921447048307546,0.22543875980224465,-0.35694470302023806,50.0,,,,TIME_STOP,0.0021291813369674895,13,TREND,NORMAL,LONDON_NEWYORK,BEARISH,2026-05-27T13:15:00+00:00,M1_PRE_ENTRY_60M_AND_CANONICAL_BIAS_GATE,AG_GEN001_REGIME_V1
ASIAN_LONDON_2026-06-01_2026-06-01 07:30:00+00:00_S1_SWEEP_REVERSAL,60,S1_SWEEP_REVERSAL,2026-06-01T07:30:00+00:00,1.1653,1.1659312089432707,2026-06-01T08:25:00+00:00,55.0,-1.0,0.23763921851731926,-1.2376392185173193,0.3010096767884657,-0.9188716449336739,17.0,,,,SL,0.0006312089432707335,7,TREND,NORMAL,ASIAN_LONDON,BEARISH,2026-06-01T07:30:00+00:00,M1_PRE_ENTRY_60M_AND_CANONICAL_BIAS_GATE,AG_GEN001_REGIME_V1
ASIAN_LONDON_2026-06-01_2026-06-01 09:00:00+00:00_S3_PULLBACK_CONTINUATION,60,S3_PULLBACK_CONTINUATION,2026-06-01T09:00:00+00:00,1.16515,1.1656517581694623,2026-06-01T09:01:00+00:00,1.0,-1.0,0.2989487947166115,-1.2989487947166114,0.0,0.0,,,,,SL,0.0005017581694624074,9,RANGE,NORMAL,ASIAN_LONDON,BEARISH,2026-06-01T09:00:00+00:00,M1_PRE_ENTRY_60M_AND_CANONICAL_BIAS_GATE,AG_GEN001_REGIME_V1
LONDON_NEWYORK_2026-06-02_2026-06-02 12:30:00+00:00_S1_SWEEP_REVERSAL,60,S1_SWEEP_REVERSAL,2026-06-02T12:30:00+00:00,1.16505,1.1655657157205748,2026-06-02T13:30:00+00:00,60.0,1.0470884994509502,0.290857916514161,0.7562305829367892,1.0664790272182574,-0.8531832217748643,60.0,60.0,,,TIME_STOP,0.0005157157205748497,12,TREND,NORMAL,LONDON_NEWYORK,BEARISH,2026-06-02T12:30:00+00:00,M1_PRE_ENTRY_60M_AND_CANONICAL_BIAS_GATE,AG_GEN001_REGIME_V1
LONDON_NEWYORK_2026-06-02_2026-06-02 13:15:00+00:00_S3_PULLBACK_CONTINUATION,60,S3_PULLBACK_CONTINUATION,2026-06-02T13:15:00+00:00,1.16451,1.1655676550430403,2026-06-02T14:15:00+00:00,60.0,0.3781951427661274,0.1418231785373134,0.236371964228814,0.8982134640696576,-0.4349244141812145,46.0,,,,TIME_STOP,0.0010576550430403397,13,RANGE,NORMAL,LONDON_NEWYORK,BEARISH,2026-06-02T13:15:00+00:00,M1_PRE_ENTRY_60M_AND_CANONICAL_BIAS_GATE,AG_GEN001_REGIME_V1
ASIAN_LONDON_2026-06-04_2026-06-04 08:30:00+00:00_S1_SWEEP_REVERSAL,60,S1_SWEEP_REVERSAL,2026-06-04T08:30:00+00:00,1.1607,1.16144651932735,2026-06-04T09:00:00+00:00,30.0,-1.0,0.20093250704236423,-1.2009325070423642,0.12055950422561346,-0.8707075305169644,10.0,,,,SL,0.000746519327349926,8,TREND,NORMAL,ASIAN_LONDON,BEARISH,2026-06-04T08:30:00+00:00,M1_PRE_ENTRY_60M_AND_CANONICAL_BIAS_GATE,AG_GEN001_REGIME_V1
ASIAN_LONDON_2026-06-08_2026-06-08 08:45:00+00:00_S2_BREAKOUT_CONTINUATION,60,S2_BREAKOUT_CONTINUATION,2026-06-08T08:45:00+00:00,1.15077,1.1514416166836998,2026-06-08T08:46:00+00:00,1.0,-1.0,0.22334168230260712,-1.223341682302607,0.0,0.0,,,,,SL,0.0006716166836997495,8,TREND,NORMAL,ASIAN_LONDON,BEARISH,2026-06-08T08:45:00+00:00,M1_PRE_ENTRY_60M_AND_CANONICAL_BIAS_GATE,AG_GEN001_REGIME_V1
ASIAN_LONDON_2026-06-10_2026-06-10 07:15:00+00:00_S1_SWEEP_REVERSAL,60,S1_SWEEP_REVERSAL,2026-06-10T07:15:00+00:00,1.1553,1.1559149624605383,2026-06-10T08:15:00+00:00,60.0,0.6992296726918185,0.24391732768323196,0.4553123450085865,0.8943635348385991,-0.8455800693019943,50.0,,,,TIME_STOP,0.0006149624605382709,7,RANGE,NORMAL,ASIAN_LONDON,BEARISH,2026-06-10T07:15:00+00:00,M1_PRE_ENTRY_60M_AND_CANONICAL_BIAS_GATE,AG_GEN001_REGIME_V1
ASIAN_LONDON_2026-06-10_2026-06-10 08:00:00+00:00_S3_PULLBACK_CONTINUATION,60,S3_PULLBACK_CONTINUATION,2026-06-10T08:00:00+00:00,1.15487,1.1559121933403071,2026-06-10T09:00:00+00:00,60.0,-0.40299624240173215,0.14392722942923636,-0.5469234718309686,0.11514178354350423,-0.4125913910304108,5.0,,,,TIME_STOP,0.0010421933403070849,8,TREND,NORMAL,ASIAN_LONDON,BEARISH,2026-06-10T08:00:00+00:00,M1_PRE_ENTRY_60M_AND_CANONICAL_BIAS_GATE,AG_GEN001_REGIME_V1
ASIAN_LONDON_2026-06-10_2026-06-10 08:30:00+00:00_S3_PULLBACK_CONTINUATION,60,S3_PULLBACK_CONTINUATION,2026-06-10T08:30:00+00:00,1.15498,1.155910044257714,2026-06-10T09:30:00+00:00,60.0,-0.2473000592095409,0.1612826473104478,-0.40858270651998874,0.21504352974724003,-0.677387118704021,17.0,,,,TIME_STOP,0.0009300442577140355,8,RANGE,NORMAL,ASIAN_LONDON,BEARISH,2026-06-10T08:30:00+00:00,M1_PRE_ENTRY_60M_AND_CANONICAL_BIAS_GATE,AG_GEN001_REGIME_V1
LONDON_NEWYORK_2026-06-10_2026-06-10 12:45:00+00:00_S1_SWEEP_REVERSAL,60,S1_SWEEP_REVERSAL,2026-06-10T12:45:00+00:00,1.1548,1.1565672120288129,2026-06-10T13:35:00+00:00,50.0,-1.0,0.08487945846586875,-1.0848794584658688,0.062244936208334586,-0.9166981514313569,23.0,,,,SL,0.0017672120288128035,12,TREND,NORMAL,LONDON_NEWYORK,BEARISH,2026-06-10T12:45:00+00:00,M1_PRE_ENTRY_60M_AND_CANONICAL_BIAS_GATE,AG_GEN001_REGIME_V1
ASIAN_LONDON_2026-06-12_2026-06-12 08:15:00+00:00_S1_SWEEP_REVERSAL,60,S1_SWEEP_REVERSAL,2026-06-12T08:15:00+00:00,1.15754,1.158636167699635,2026-06-12T09:15:00+00:00,60.0,-0.10947230067064512,0.13684037583842276,-0.24631267650906788,0.574729578521292,-0.8757784053659712,2.0,,,,TIME_STOP,0.0010961676996350533,8,TREND,NORMAL,ASIAN_LONDON,BEARISH,2026-06-12T08:15:00+00:00,M1_PRE_ENTRY_60M_AND_CANONICAL_BIAS_GATE,AG_GEN001_REGIME_V1
ASIAN_LONDON_2026-06-12_2026-06-12 10:30:00+00:00_S3_PULLBACK_CONTINUATION,60,S3_PULLBACK_CONTINUATION,2026-06-12T10:30:00+00:00,1.15755,1.1590356721230193,2026-06-12T10:59:00+00:00,29.0,0.1346192049383923,0.10096440370380534,0.03365480123458696,0.2827003303707135,-0.23558360864211178,28.0,,,,SESSION_EXIT_FULL_POSITION,0.0014856721230191994,10,TREND,NORMAL,ASIAN_LONDON,BEARISH,2026-06-12T10:30:00+00:00,M1_PRE_ENTRY_60M_AND_CANONICAL_BIAS_GATE,AG_GEN001_REGIME_V1
LONDON_NEWYORK_2026-06-15_2026-06-15 12:45:00+00:00_S1_SWEEP_REVERSAL,60,S1_SWEEP_REVERSAL,2026-06-15T12:45:00+00:00,1.16148,1.1620197203749296,2026-06-15T13:45:00+00:00,60.0,-0.35203414365209423,0.27792169235704456,-0.6299558360091388,0.6114277231858009,-0.9634618668374837,18.0,,,,TIME_STOP,0.0005397203749295532,12,TREND,NORMAL,LONDON_NEWYORK,BEARISH,2026-06-15T12:45:00+00:00,M1_PRE_ENTRY_60M_AND_CANONICAL_BIAS_GATE,AG_GEN001_REGIME_V1
LONDON_NEWYORK_2026-06-15_2026-06-15 14:15:00+00:00_S3_PULLBACK_CONTINUATION,60,S3_PULLBACK_CONTINUATION,2026-06-15T14:15:00+00:00,1.16118,1.1621102202139937,2026-06-15T14:59:00+00:00,44.0,0.49450656208090166,0.16125213980894515,0.33325442227195645,0.731009700467233,-0.3010039943098546,28.0,,,,SESSION_EXIT_FULL_POSITION,0.0009302202139935822,14,RANGE,NORMAL,LONDON_NEWYORK,BEARISH,2026-06-15T14:15:00+00:00,M1_PRE_ENTRY_60M_AND_CANONICAL_BIAS_GATE,AG_GEN001_REGIME_V1
LONDON_NEWYORK_2026-06-15_2026-06-15 14:30:00+00:00_S3_PULLBACK_CONTINUATION,60,S3_PULLBACK_CONTINUATION,2026-06-15T14:30:00+00:00,1.16062,1.1621134901987082,2026-06-15T14:59:00+00:00,29.0,-0.06695725227154518,0.10043587840732883,-0.167393130678874,0.08034870272579474,-0.3749606127207719,13.0,,,,SESSION_EXIT_FULL_POSITION,0.0014934901987082583,14,TREND,NORMAL,LONDON_NEWYORK,BEARISH,2026-06-15T14:30:00+00:00,M1_PRE_ENTRY_60M_AND_CANONICAL_BIAS_GATE,AG_GEN001_REGIME_V1
LONDON_NEWYORK_2026-05-18_2026-05-18 14:30:00+00:00_S1_SWEEP_REVERSAL,90,S1_SWEEP_REVERSAL,2026-05-18T14:30:00+00:00,1.16422,1.164835942697063,2026-05-18T14:59:00+00:00,29.0,0.1298822120654383,0.24352914762245323,-0.11364693555701494,0.22729387111433674,-0.7792932723919087,6.0,,,,SESSION_EXIT_FULL_POSITION,0.0006159426970628878,14,TREND,HIGH,LONDON_NEWYORK,BEARISH,2026-05-18T14:30:00+00:00,M1_PRE_ENTRY_60M_AND_CANONICAL_BIAS_GATE,AG_GEN001_REGIME_V1
LONDON_NEWYORK_2026-05-19_2026-05-19 13:15:00+00:00_S2_BREAKOUT_CONTINUATION,90,S2_BREAKOUT_CONTINUATION,2026-05-19T13:15:00+00:00,1.16051,1.161175703007752,2026-05-19T13:16:00+00:00,1.0,-1.0,0.2253257056874333,-1.2253257056874334,0.0,0.0,,,,,SL,0.0006657030077521497,13,TREND,NORMAL,LONDON_NEWYORK,BEARISH,2026-05-19T13:15:00+00:00,M1_PRE_ENTRY_60M_AND_CANONICAL_BIAS_GATE,AG_GEN001_REGIME_V1
LONDON_NEWYORK_2026-05-21_2026-05-21 13:15:00+00:00_S2_BREAKOUT_CONTINUATION,90,S2_BREAKOUT_CONTINUATION,2026-05-21T13:15:00+00:00,1.15887,1.1594380200998575,2026-05-21T13:16:00+00:00,1.0,-1.0,0.2640751621952142,-1.2640751621952142,0.0,0.0,,,,,SL,0.000568020099857458,13,RANGE,HIGH,LONDON_NEWYORK,BEARISH,2026-05-21T13:15:00+00:00,M1_PRE_ENTRY_60M_AND_CANONICAL_BIAS_GATE,AG_GEN001_REGIME_V1
LONDON_NEWYORK_2026-05-22_2026-05-22 13:00:00+00:00_S1_SWEEP_REVERSAL,90,S1_SWEEP_REVERSAL,2026-05-22T13:00:00+00:00,1.16123,1.1619161602923016,2026-05-22T14:30:00+00:00,90.0,2.3755382208615385,0.2186078117357217,2.156930409125817,3.5851681124656998,-0.8161358304801967,78.0,2.0,61.0,62.0,TIME_STOP,0.0006861602923016186,13,TREND,NORMAL,LONDON_NEWYORK,BEARISH,2026-05-22T13:00:00+00:00,M1_PRE_ENTRY_60M_AND_CANONICAL_BIAS_GATE,AG_GEN001_REGIME_V1
LONDON_NEWYORK_2026-05-22_2026-05-22 13:30:00+00:00_S3_PULLBACK_CONTINUATION,90,S3_PULLBACK_CONTINUATION,2026-05-22T13:30:00+00:00,1.16037,1.1619202810683622,2026-05-22T14:59:00+00:00,89.0,0.41927880902684905,0.09675664823699236,0.3225221607898567,1.0320709145278049,-0.4708823547534398,48.0,48.0,,,SESSION_EXIT_FULL_POSITION,0.0015502810683623025,13,TREND,NORMAL,LONDON_NEWYORK,BEARISH,2026-05-22T13:30:00+00:00,M1_PRE_ENTRY_60M_AND_CANONICAL_BIAS_GATE,AG_GEN001_REGIME_V1
LONDON_NEWYORK_2026-05-22_2026-05-22 13:45:00+00:00_S3_PULLBACK_CONTINUATION,90,S3_PULLBACK_CONTINUATION,2026-05-22T13:45:00+00:00,1.16033,1.1619201181349077,2026-05-22T14:59:00+00:00,74.0,0.3836192963332503,0.0943326138524387,0.28928668248081163,0.9810591840653661,-0.1257768184699044,33.0,,,,SESSION_EXIT_FULL_POSITION,0.0015901181349076143,13,RANGE,NORMAL,LONDON_NEWYORK,BEARISH,2026-05-22T13:45:00+00:00,M1_PRE_ENTRY_60M_AND_CANONICAL_BIAS_GATE,AG_GEN001_REGIME_V1
LONDON_NEWYORK_2026-05-25_2026-05-25 14:45:00+00:00_S1_SWEEP_REVERSAL,90,S1_SWEEP_REVERSAL,2026-05-25T14:45:00+00:00,1.16414,1.164662590148532,2026-05-25T14:59:00+00:00,14.0,0.0,0.28703181723072263,-0.28703181723072263,0.2487609082665564,-0.8419599972101119,13.0,,,,SESSION_EXIT_FULL_POSITION,0.000522590148531954,14,TREND,NORMAL,LONDON_NEWYORK,BEARISH,2026-05-25T14:45:00+00:00,M1_PRE_ENTRY_60M_AND_CANONICAL_BIAS_GATE,AG_GEN001_REGIME_V1
ASIAN_LONDON_2026-05-26_2026-05-26 07:30:00+00:00_S1_SWEEP_REVERSAL,90,S1_SWEEP_REVERSAL,2026-05-26T07:30:00+00:00,1.16351,1.1640621822729404,2026-05-26T08:19:00+00:00,49.0,-1.0,0.27164943054263724,-1.2716494305426371,0.5070789370130278,-0.9779379499534667,4.0,,,,SL,0.0005521822729404047,7,RANGE,NORMAL,ASIAN_LONDON,BEARISH,2026-05-26T07:30:00+00:00,M1_PRE_ENTRY_60M_AND_CANONICAL_BIAS_GATE,AG_GEN001_REGIME_V1
ASIAN_LONDON_2026-05-26_2026-05-26 08:45:00+00:00_S3_PULLBACK_CONTINUATION,90,S3_PULLBACK_CONTINUATION,2026-05-26T08:45:00+00:00,1.16358,1.1642440825003475,2026-05-26T09:34:00+00:00,49.0,-1.0,0.2258755499829038,-1.2258755499829037,0.5571596899578014,-0.9787940499259757,21.0,,,,SL,0.0006640825003474404,8,RANGE,NORMAL,ASIAN_LONDON,BEARISH,2026-05-26T08:45:00+00:00,M1_PRE_ENTRY_60M_AND_CANONICAL_BIAS_GATE,AG_GEN001_REGIME_V1
ASIAN_LONDON_2026-05-26_2026-05-26 09:00:00+00:00_S3_PULLBACK_CONTINUATION,90,S3_PULLBACK_CONTINUATION,2026-05-26T09:00:00+00:00,1.16374,1.164246648036037,2026-05-26T09:34:00+00:00,34.0,-1.0,0.29606351812456366,-1.2960635181245637,1.046091097373299,-0.9671408258737748,6.0,6.0,,,SL,0.0005066480360369496,9,RANGE,NORMAL,ASIAN_LONDON,BEARISH,2026-05-26T09:00:00+00:00,M1_PRE_ENTRY_60M_AND_CANONICAL_BIAS_GATE,AG_GEN001_REGIME_V1
ASIAN_LONDON_2026-05-27_2026-05-27 07:00:00+00:00_S1_SWEEP_REVERSAL,90,S1_SWEEP_REVERSAL,2026-05-27T07:00:00+00:00,1.1644,1.1649010974394687,2026-05-27T08:30:00+00:00,90.0,-0.4989049640025905,0.2993429784017202,-0.7982479424043107,1.2572405092874852,-0.8581165380847924,61.0,61.0,,,TIME_STOP,0.0005010974394685785,7,TREND,NORMAL,ASIAN_LONDON,BEARISH,2026-05-27T07:00:00+00:00,M1_PRE_ENTRY_60M_AND_CANONICAL_BIAS_GATE,AG_GEN001_REGIME_V1
ASIAN_LONDON_2026-05-27_2026-05-27 07:45:00+00:00_S3_PULLBACK_CONTINUATION,90,S3_PULLBACK_CONTINUATION,2026-05-27T07:45:00+00:00,1.16399,1.1649482511204492,2026-05-27T09:15:00+00:00,90.0,-0.35481304716936274,0.1565351678688333,-0.511348215038196,0.22958491287440258,-0.7096260943387255,16.0,,,,TIME_STOP,0.0009582511204491162,7,RANGE,NORMAL,ASIAN_LONDON,BEARISH,2026-05-27T07:45:00+00:00,M1_PRE_ENTRY_60M_AND_CANONICAL_BIAS_GATE,AG_GEN001_REGIME_V1
ASIAN_LONDON_2026-05-27_2026-05-27 10:15:00+00:00_S3_PULLBACK_CONTINUATION,90,S3_PULLBACK_CONTINUATION,2026-05-27T10:15:00+00:00,1.16371,1.1648798099874955,2026-05-27T10:59:00+00:00,44.0,-0.11967755575395789,0.12822595259349975,-0.24790350834745764,0.14532274627263603,-0.5300006040531878,38.0,,,,SESSION_EXIT_FULL_POSITION,0.001169809987495496,10,RANGE,LOW,ASIAN_LONDON,BEARISH,2026-05-27T10:15:00+00:00,M1_PRE_ENTRY_60M_AND_CANONICAL_BIAS_GATE,AG_GEN001_REGIME_V1
LONDON_NEWYORK_2026-05-27_2026-05-27 12:45:00+00:00_S1_SWEEP_REVERSAL,90,S1_SWEEP_REVERSAL,2026-05-27T12:45:00+00:00,1.16432,1.1655985771718675,2026-05-27T14:15:00+00:00,90.0,-0.3597749202169916,0.11731790876643455,-0.47709282898342614,0.5631259620789281,-0.8994373005426527,80.0,,,,TIME_STOP,0.0012785771718675232,12,TREND,NORMAL,LONDON_NEWYORK,BEARISH,2026-05-27T12:45:00+00:00,M1_PRE_ENTRY_60M_AND_CANONICAL_BIAS_GATE,AG_GEN001_REGIME_V1
LONDON_NEWYORK_2026-05-27_2026-05-27 13:00:00+00:00_S3_PULLBACK_CONTINUATION,90,S3_PULLBACK_CONTINUATION,2026-05-27T13:00:00+00:00,1.16447,1.1662069645167341,2026-05-27T14:30:00+00:00,90.0,-0.20725811985900422,0.08635754994121866,-0.2936156698002229,0.5008737896590258,-0.4030018997257705,65.0,,,,TIME_STOP,0.0017369645167342185,13,TREND,NORMAL,LONDON_NEWYORK,BEARISH,2026-05-27T13:00:00+00:00,M1_PRE_ENTRY_60M_AND_CANONICAL_BIAS_GATE,AG_GEN001_REGIME_V1
LONDON_NEWYORK_2026-05-27_2026-05-27 13:15:00+00:00_S3_PULLBACK_CONTINUATION,90,S3_PULLBACK_CONTINUATION,2026-05-27T13:15:00+00:00,1.16408,1.1662091813369675,2026-05-27T14:45:00+00:00,90.0,-0.3475514213617504,0.07044961243819618,-0.4180010337999466,0.22543875980224465,-0.5119338503842421,50.0,,,,TIME_STOP,0.0021291813369674895,13,TREND,NORMAL,LONDON_NEWYORK,BEARISH,2026-05-27T13:15:00+00:00,M1_PRE_ENTRY_60M_AND_CANONICAL_BIAS_GATE,AG_GEN001_REGIME_V1
ASIAN_LONDON_2026-06-01_2026-06-01 07:30:00+00:00_S1_SWEEP_REVERSAL,90,S1_SWEEP_REVERSAL,2026-06-01T07:30:00+00:00,1.1653,1.1659312089432707,2026-06-01T08:25:00+00:00,55.0,-1.0,0.23763921851731926,-1.2376392185173193,0.3010096767884657,-0.9188716449336739,17.0,,,,SL,0.0006312089432707335,7,TREND,NORMAL,ASIAN_LONDON,BEARISH,2026-06-01T07:30:00+00:00,M1_PRE_ENTRY_60M_AND_CANONICAL_BIAS_GATE,AG_GEN001_REGIME_V1
ASIAN_LONDON_2026-06-01_2026-06-01 09:00:00+00:00_S3_PULLBACK_CONTINUATION,90,S3_PULLBACK_CONTINUATION,2026-06-01T09:00:00+00:00,1.16515,1.1656517581694623,2026-06-01T09:01:00+00:00,1.0,-1.0,0.2989487947166115,-1.2989487947166114,0.0,0.0,,,,,SL,0.0005017581694624074,9,RANGE,NORMAL,ASIAN_LONDON,BEARISH,2026-06-01T09:00:00+00:00,M1_PRE_ENTRY_60M_AND_CANONICAL_BIAS_GATE,AG_GEN001_REGIME_V1
LONDON_NEWYORK_2026-06-02_2026-06-02 12:30:00+00:00_S1_SWEEP_REVERSAL,90,S1_SWEEP_REVERSAL,2026-06-02T12:30:00+00:00,1.16505,1.1655657157205748,2026-06-02T14:00:00+00:00,90.0,1.493070638105905,0.290857916514161,1.202212721591744,2.2105201655074658,-0.8531832217748643,83.0,60.0,82.0,,TIME_STOP,0.0005157157205748497,12,TREND,NORMAL,LONDON_NEWYORK,BEARISH,2026-06-02T12:30:00+00:00,M1_PRE_ENTRY_60M_AND_CANONICAL_BIAS_GATE,AG_GEN001_REGIME_V1
LONDON_NEWYORK_2026-06-02_2026-06-02 13:15:00+00:00_S3_PULLBACK_CONTINUATION,90,S3_PULLBACK_CONTINUATION,2026-06-02T13:15:00+00:00,1.16451,1.1655676550430403,2026-06-02T14:45:00+00:00,90.0,-0.09454878569153186,0.1418231785373134,-0.23637196422884527,0.8982134640696576,-0.4349244141812145,46.0,,,,TIME_STOP,0.0010576550430403397,13,RANGE,NORMAL,LONDON_NEWYORK,BEARISH,2026-06-02T13:15:00+00:00,M1_PRE_ENTRY_60M_AND_CANONICAL_BIAS_GATE,AG_GEN001_REGIME_V1
ASIAN_LONDON_2026-06-04_2026-06-04 08:30:00+00:00_S1_SWEEP_REVERSAL,90,S1_SWEEP_REVERSAL,2026-06-04T08:30:00+00:00,1.1607,1.16144651932735,2026-06-04T09:00:00+00:00,30.0,-1.0,0.20093250704236423,-1.2009325070423642,0.12055950422561346,-0.8707075305169644,10.0,,,,SL,0.000746519327349926,8,TREND,NORMAL,ASIAN_LONDON,BEARISH,2026-06-04T08:30:00+00:00,M1_PRE_ENTRY_60M_AND_CANONICAL_BIAS_GATE,AG_GEN001_REGIME_V1
ASIAN_LONDON_2026-06-08_2026-06-08 08:45:00+00:00_S2_BREAKOUT_CONTINUATION,90,S2_BREAKOUT_CONTINUATION,2026-06-08T08:45:00+00:00,1.15077,1.1514416166836998,2026-06-08T08:46:00+00:00,1.0,-1.0,0.22334168230260712,-1.223341682302607,0.0,0.0,,,,,SL,0.0006716166836997495,8,TREND,NORMAL,ASIAN_LONDON,BEARISH,2026-06-08T08:45:00+00:00,M1_PRE_ENTRY_60M_AND_CANONICAL_BIAS_GATE,AG_GEN001_REGIME_V1
ASIAN_LONDON_2026-06-10_2026-06-10 07:15:00+00:00_S1_SWEEP_REVERSAL,90,S1_SWEEP_REVERSAL,2026-06-10T07:15:00+00:00,1.1553,1.1559149624605383,2026-06-10T08:45:00+00:00,90.0,0.5203569657243875,0.24391732768323196,0.27643963804115557,0.8943635348385991,-0.8455800693019943,50.0,,,,TIME_STOP,0.0006149624605382709,7,RANGE,NORMAL,ASIAN_LONDON,BEARISH,2026-06-10T07:15:00+00:00,M1_PRE_ENTRY_60M_AND_CANONICAL_BIAS_GATE,AG_GEN001_REGIME_V1
ASIAN_LONDON_2026-06-10_2026-06-10 08:00:00+00:00_S3_PULLBACK_CONTINUATION,90,S3_PULLBACK_CONTINUATION,2026-06-10T08:00:00+00:00,1.15487,1.1559121933403071,2026-06-10T09:30:00+00:00,90.0,-0.3262350533729424,0.14392722942923636,-0.47016228280217875,0.11514178354350423,-0.7100409985175304,5.0,,,,TIME_STOP,0.0010421933403070849,8,TREND,NORMAL,ASIAN_LONDON,BEARISH,2026-06-10T08:00:00+00:00,M1_PRE_ENTRY_60M_AND_CANONICAL_BIAS_GATE,AG_GEN001_REGIME_V1
ASIAN_LONDON_2026-06-10_2026-06-10 08:30:00+00:00_S3_PULLBACK_CONTINUATION,90,S3_PULLBACK_CONTINUATION,2026-06-10T08:30:00+00:00,1.15498,1.155910044257714,2026-06-10T10:00:00+00:00,90.0,-0.8171654130397031,0.1612826473104478,-0.978448060350151,0.21504352974724003,-0.999952413324881,17.0,,,,TIME_STOP,0.0009300442577140355,8,RANGE,NORMAL,ASIAN_LONDON,BEARISH,2026-06-10T08:30:00+00:00,M1_PRE_ENTRY_60M_AND_CANONICAL_BIAS_GATE,AG_GEN001_REGIME_V1
LONDON_NEWYORK_2026-06-10_2026-06-10 12:45:00+00:00_S1_SWEEP_REVERSAL,90,S1_SWEEP_REVERSAL,2026-06-10T12:45:00+00:00,1.1548,1.1565672120288129,2026-06-10T13:35:00+00:00,50.0,-1.0,0.08487945846586875,-1.0848794584658688,0.062244936208334586,-0.9166981514313569,23.0,,,,SL,0.0017672120288128035,12,TREND,NORMAL,LONDON_NEWYORK,BEARISH,2026-06-10T12:45:00+00:00,M1_PRE_ENTRY_60M_AND_CANONICAL_BIAS_GATE,AG_GEN001_REGIME_V1
ASIAN_LONDON_2026-06-12_2026-06-12 08:15:00+00:00_S1_SWEEP_REVERSAL,90,S1_SWEEP_REVERSAL,2026-06-12T08:15:00+00:00,1.15754,1.158636167699635,2026-06-12T09:26:00+00:00,71.0,-1.0,0.13684037583842276,-1.1368403758384227,0.574729578521292,-0.8940237888110112,2.0,,,,SL,0.0010961676996350533,8,TREND,NORMAL,ASIAN_LONDON,BEARISH,2026-06-12T08:15:00+00:00,M1_PRE_ENTRY_60M_AND_CANONICAL_BIAS_GATE,AG_GEN001_REGIME_V1
ASIAN_LONDON_2026-06-12_2026-06-12 10:30:00+00:00_S3_PULLBACK_CONTINUATION,90,S3_PULLBACK_CONTINUATION,2026-06-12T10:30:00+00:00,1.15755,1.1590356721230193,2026-06-12T10:59:00+00:00,29.0,0.1346192049383923,0.10096440370380534,0.03365480123458696,0.2827003303707135,-0.23558360864211178,28.0,,,,SESSION_EXIT_FULL_POSITION,0.0014856721230191994,10,TREND,NORMAL,ASIAN_LONDON,BEARISH,2026-06-12T10:30:00+00:00,M1_PRE_ENTRY_60M_AND_CANONICAL_BIAS_GATE,AG_GEN001_REGIME_V1
LONDON_NEWYORK_2026-06-15_2026-06-15 12:45:00+00:00_S1_SWEEP_REVERSAL,90,S1_SWEEP_REVERSAL,2026-06-15T12:45:00+00:00,1.16148,1.1620197203749296,2026-06-15T14:15:00+00:00,90.0,0.37056225647601854,0.27792169235704456,0.09264056411897398,0.6114277231858009,-0.9634618668374837,18.0,,,,TIME_STOP,0.0005397203749295532,12,TREND,NORMAL,LONDON_NEWYORK,BEARISH,2026-06-15T12:45:00+00:00,M1_PRE_ENTRY_60M_AND_CANONICAL_BIAS_GATE,AG_GEN001_REGIME_V1
LONDON_NEWYORK_2026-06-15_2026-06-15 14:15:00+00:00_S3_PULLBACK_CONTINUATION,90,S3_PULLBACK_CONTINUATION,2026-06-15T14:15:00+00:00,1.16118,1.1621102202139937,2026-06-15T14:59:00+00:00,44.0,0.49450656208090166,0.16125213980894515,0.33325442227195645,0.731009700467233,-0.3010039943098546,28.0,,,,SESSION_EXIT_FULL_POSITION,0.0009302202139935822,14,RANGE,NORMAL,LONDON_NEWYORK,BEARISH,2026-06-15T14:15:00+00:00,M1_PRE_ENTRY_60M_AND_CANONICAL_BIAS_GATE,AG_GEN001_REGIME_V1
LONDON_NEWYORK_2026-06-15_2026-06-15 14:30:00+00:00_S3_PULLBACK_CONTINUATION,90,S3_PULLBACK_CONTINUATION,2026-06-15T14:30:00+00:00,1.16062,1.1621134901987082,2026-06-15T14:59:00+00:00,29.0,-0.06695725227154518,0.10043587840732883,-0.167393130678874,0.08034870272579474,-0.3749606127207719,13.0,,,,SESSION_EXIT_FULL_POSITION,0.0014934901987082583,14,TREND,NORMAL,LONDON_NEWYORK,BEARISH,2026-06-15T14:30:00+00:00,M1_PRE_ENTRY_60M_AND_CANONICAL_BIAS_GATE,AG_GEN001_REGIME_V1
LONDON_NEWYORK_2026-05-18_2026-05-18 14:30:00+00:00_S1_SWEEP_REVERSAL,120,S1_SWEEP_REVERSAL,2026-05-18T14:30:00+00:00,1.16422,1.164835942697063,2026-05-18T14:59:00+00:00,29.0,0.1298822120654383,0.24352914762245323,-0.11364693555701494,0.22729387111433674,-0.7792932723919087,6.0,,,,SESSION_EXIT_FULL_POSITION,0.0006159426970628878,14,TREND,HIGH,LONDON_NEWYORK,BEARISH,2026-05-18T14:30:00+00:00,M1_PRE_ENTRY_60M_AND_CANONICAL_BIAS_GATE,AG_GEN001_REGIME_V1
LONDON_NEWYORK_2026-05-19_2026-05-19 13:15:00+00:00_S2_BREAKOUT_CONTINUATION,120,S2_BREAKOUT_CONTINUATION,2026-05-19T13:15:00+00:00,1.16051,1.161175703007752,2026-05-19T13:16:00+00:00,1.0,-1.0,0.2253257056874333,-1.2253257056874334,0.0,0.0,,,,,SL,0.0006657030077521497,13,TREND,NORMAL,LONDON_NEWYORK,BEARISH,2026-05-19T13:15:00+00:00,M1_PRE_ENTRY_60M_AND_CANONICAL_BIAS_GATE,AG_GEN001_REGIME_V1
LONDON_NEWYORK_2026-05-21_2026-05-21 13:15:00+00:00_S2_BREAKOUT_CONTINUATION,120,S2_BREAKOUT_CONTINUATION,2026-05-21T13:15:00+00:00,1.15887,1.1594380200998575,2026-05-21T13:16:00+00:00,1.0,-1.0,0.2640751621952142,-1.2640751621952142,0.0,0.0,,,,,SL,0.000568020099857458,13,RANGE,HIGH,LONDON_NEWYORK,BEARISH,2026-05-21T13:15:00+00:00,M1_PRE_ENTRY_60M_AND_CANONICAL_BIAS_GATE,AG_GEN001_REGIME_V1
LONDON_NEWYORK_2026-05-22_2026-05-22 13:00:00+00:00_S1_SWEEP_REVERSAL,120,S1_SWEEP_REVERSAL,2026-05-22T13:00:00+00:00,1.16123,1.1619161602923016,2026-05-22T14:59:00+00:00,119.0,2.2006519714727864,0.2186078117357217,1.9820441597370646,3.5851681124656998,-0.8161358304801967,78.0,2.0,61.0,62.0,SESSION_EXIT_FULL_POSITION,0.0006861602923016186,13,TREND,NORMAL,LONDON_NEWYORK,BEARISH,2026-05-22T13:00:00+00:00,M1_PRE_ENTRY_60M_AND_CANONICAL_BIAS_GATE,AG_GEN001_REGIME_V1
LONDON_NEWYORK_2026-05-22_2026-05-22 13:30:00+00:00_S3_PULLBACK_CONTINUATION,120,S3_PULLBACK_CONTINUATION,2026-05-22T13:30:00+00:00,1.16037,1.1619202810683622,2026-05-22T14:59:00+00:00,89.0,0.41927880902684905,0.09675664823699236,0.3225221607898567,1.0320709145278049,-0.4708823547534398,48.0,48.0,,,SESSION_EXIT_FULL_POSITION,0.0015502810683623025,13,TREND,NORMAL,LONDON_NEWYORK,BEARISH,2026-05-22T13:30:00+00:00,M1_PRE_ENTRY_60M_AND_CANONICAL_BIAS_GATE,AG_GEN001_REGIME_V1
LONDON_NEWYORK_2026-05-22_2026-05-22 13:45:00+00:00_S3_PULLBACK_CONTINUATION,120,S3_PULLBACK_CONTINUATION,2026-05-22T13:45:00+00:00,1.16033,1.1619201181349077,2026-05-22T14:59:00+00:00,74.0,0.3836192963332503,0.0943326138524387,0.28928668248081163,0.9810591840653661,-0.1257768184699044,33.0,,,,SESSION_EXIT_FULL_POSITION,0.0015901181349076143,13,RANGE,NORMAL,LONDON_NEWYORK,BEARISH,2026-05-22T13:45:00+00:00,M1_PRE_ENTRY_60M_AND_CANONICAL_BIAS_GATE,AG_GEN001_REGIME_V1
LONDON_NEWYORK_2026-05-25_2026-05-25 14:45:00+00:00_S1_SWEEP_REVERSAL,120,S1_SWEEP_REVERSAL,2026-05-25T14:45:00+00:00,1.16414,1.164662590148532,2026-05-25T14:59:00+00:00,14.0,0.0,0.28703181723072263,-0.28703181723072263,0.2487609082665564,-0.8419599972101119,13.0,,,,SESSION_EXIT_FULL_POSITION,0.000522590148531954,14,TREND,NORMAL,LONDON_NEWYORK,BEARISH,2026-05-25T14:45:00+00:00,M1_PRE_ENTRY_60M_AND_CANONICAL_BIAS_GATE,AG_GEN001_REGIME_V1
ASIAN_LONDON_2026-05-26_2026-05-26 07:30:00+00:00_S1_SWEEP_REVERSAL,120,S1_SWEEP_REVERSAL,2026-05-26T07:30:00+00:00,1.16351,1.1640621822729404,2026-05-26T08:19:00+00:00,49.0,-1.0,0.27164943054263724,-1.2716494305426371,0.5070789370130278,-0.9779379499534667,4.0,,,,SL,0.0005521822729404047,7,RANGE,NORMAL,ASIAN_LONDON,BEARISH,2026-05-26T07:30:00+00:00,M1_PRE_ENTRY_60M_AND_CANONICAL_BIAS_GATE,AG_GEN001_REGIME_V1
ASIAN_LONDON_2026-05-26_2026-05-26 08:45:00+00:00_S3_PULLBACK_CONTINUATION,120,S3_PULLBACK_CONTINUATION,2026-05-26T08:45:00+00:00,1.16358,1.1642440825003475,2026-05-26T09:34:00+00:00,49.0,-1.0,0.2258755499829038,-1.2258755499829037,0.5571596899578014,-0.9787940499259757,21.0,,,,SL,0.0006640825003474404,8,RANGE,NORMAL,ASIAN_LONDON,BEARISH,2026-05-26T08:45:00+00:00,M1_PRE_ENTRY_60M_AND_CANONICAL_BIAS_GATE,AG_GEN001_REGIME_V1
ASIAN_LONDON_2026-05-26_2026-05-26 09:00:00+00:00_S3_PULLBACK_CONTINUATION,120,S3_PULLBACK_CONTINUATION,2026-05-26T09:00:00+00:00,1.16374,1.164246648036037,2026-05-26T09:34:00+00:00,34.0,-1.0,0.29606351812456366,-1.2960635181245637,1.046091097373299,-0.9671408258737748,6.0,6.0,,,SL,0.0005066480360369496,9,RANGE,NORMAL,ASIAN_LONDON,BEARISH,2026-05-26T09:00:00+00:00,M1_PRE_ENTRY_60M_AND_CANONICAL_BIAS_GATE,AG_GEN001_REGIME_V1
ASIAN_LONDON_2026-05-27_2026-05-27 07:00:00+00:00_S1_SWEEP_REVERSAL,120,S1_SWEEP_REVERSAL,2026-05-27T07:00:00+00:00,1.1644,1.1649010974394687,2026-05-27T09:00:00+00:00,120.0,-0.05986859568029313,0.2993429784017202,-0.3592115740820133,1.2572405092874852,-0.8581165380847924,61.0,61.0,,,TIME_STOP,0.0005010974394685785,7,TREND,NORMAL,ASIAN_LONDON,BEARISH,2026-05-27T07:00:00+00:00,M1_PRE_ENTRY_60M_AND_CANONICAL_BIAS_GATE,AG_GEN001_REGIME_V1
ASIAN_LONDON_2026-05-27_2026-05-27 07:45:00+00:00_S3_PULLBACK_CONTINUATION,120,S3_PULLBACK_CONTINUATION,2026-05-27T07:45:00+00:00,1.16399,1.1649482511204492,2026-05-27T09:45:00+00:00,120.0,-0.4069914364588522,0.1565351678688333,-0.5635266043276855,0.22958491287440258,-0.7096260943387255,16.0,,,,TIME_STOP,0.0009582511204491162,7,RANGE,NORMAL,ASIAN_LONDON,BEARISH,2026-05-27T07:45:00+00:00,M1_PRE_ENTRY_60M_AND_CANONICAL_BIAS_GATE,AG_GEN001_REGIME_V1
ASIAN_LONDON_2026-05-27_2026-05-27 10:15:00+00:00_S3_PULLBACK_CONTINUATION,120,S3_PULLBACK_CONTINUATION,2026-05-27T10:15:00+00:00,1.16371,1.1648798099874955,2026-05-27T10:59:00+00:00,44.0,-0.11967755575395789,0.12822595259349975,-0.24790350834745764,0.14532274627263603,-0.5300006040531878,38.0,,,,SESSION_EXIT_FULL_POSITION,0.001169809987495496,10,RANGE,LOW,ASIAN_LONDON,BEARISH,2026-05-27T10:15:00+00:00,M1_PRE_ENTRY_60M_AND_CANONICAL_BIAS_GATE,AG_GEN001_REGIME_V1
LONDON_NEWYORK_2026-05-27_2026-05-27 12:45:00+00:00_S1_SWEEP_REVERSAL,120,S1_SWEEP_REVERSAL,2026-05-27T12:45:00+00:00,1.16432,1.1655985771718675,2026-05-27T14:45:00+00:00,120.0,-0.3910596958880721,0.11731790876643455,-0.5083776046545067,0.5631259620789281,-0.8994373005426527,80.0,,,,TIME_STOP,0.0012785771718675232,12,TREND,NORMAL,LONDON_NEWYORK,BEARISH,2026-05-27T12:45:00+00:00,M1_PRE_ENTRY_60M_AND_CANONICAL_BIAS_GATE,AG_GEN001_REGIME_V1
LONDON_NEWYORK_2026-05-27_2026-05-27 13:00:00+00:00_S3_PULLBACK_CONTINUATION,120,S3_PULLBACK_CONTINUATION,2026-05-27T13:00:00+00:00,1.16447,1.1662069645167341,2026-05-27T14:59:00+00:00,119.0,1.1456768292201307,0.08635754994121866,1.0593192792789121,1.17446267920047,-0.4030018997257705,119.0,118.0,,,SESSION_EXIT_FULL_POSITION,0.0017369645167342185,13,TREND,NORMAL,LONDON_NEWYORK,BEARISH,2026-05-27T13:00:00+00:00,M1_PRE_ENTRY_60M_AND_CANONICAL_BIAS_GATE,AG_GEN001_REGIME_V1
LONDON_NEWYORK_2026-05-27_2026-05-27 13:15:00+00:00_S3_PULLBACK_CONTINUATION,120,S3_PULLBACK_CONTINUATION,2026-05-27T13:15:00+00:00,1.16408,1.1662091813369675,2026-05-27T14:59:00+00:00,104.0,0.751462532674114,0.07044961243819618,0.6810129202359179,0.7749457368201247,-0.5119338503842421,104.0,,,,SESSION_EXIT_FULL_POSITION,0.0021291813369674895,13,TREND,NORMAL,LONDON_NEWYORK,BEARISH,2026-05-27T13:15:00+00:00,M1_PRE_ENTRY_60M_AND_CANONICAL_BIAS_GATE,AG_GEN001_REGIME_V1
ASIAN_LONDON_2026-06-01_2026-06-01 07:30:00+00:00_S1_SWEEP_REVERSAL,120,S1_SWEEP_REVERSAL,2026-06-01T07:30:00+00:00,1.1653,1.1659312089432707,2026-06-01T08:25:00+00:00,55.0,-1.0,0.23763921851731926,-1.2376392185173193,0.3010096767884657,-0.9188716449336739,17.0,,,,SL,0.0006312089432707335,7,TREND,NORMAL,ASIAN_LONDON,BEARISH,2026-06-01T07:30:00+00:00,M1_PRE_ENTRY_60M_AND_CANONICAL_BIAS_GATE,AG_GEN001_REGIME_V1
ASIAN_LONDON_2026-06-01_2026-06-01 09:00:00+00:00_S3_PULLBACK_CONTINUATION,120,S3_PULLBACK_CONTINUATION,2026-06-01T09:00:00+00:00,1.16515,1.1656517581694623,2026-06-01T09:01:00+00:00,1.0,-1.0,0.2989487947166115,-1.2989487947166114,0.0,0.0,,,,,SL,0.0005017581694624074,9,RANGE,NORMAL,ASIAN_LONDON,BEARISH,2026-06-01T09:00:00+00:00,M1_PRE_ENTRY_60M_AND_CANONICAL_BIAS_GATE,AG_GEN001_REGIME_V1
LONDON_NEWYORK_2026-06-02_2026-06-02 12:30:00+00:00_S1_SWEEP_REVERSAL,120,S1_SWEEP_REVERSAL,2026-06-02T12:30:00+00:00,1.16505,1.1655657157205748,2026-06-02T14:30:00+00:00,120.0,2.1911296377397282,0.290857916514161,1.9002717212255673,2.889188637373982,-0.8531832217748643,91.0,60.0,82.0,,TIME_STOP,0.0005157157205748497,12,TREND,NORMAL,LONDON_NEWYORK,BEARISH,2026-06-02T12:30:00+00:00,M1_PRE_ENTRY_60M_AND_CANONICAL_BIAS_GATE,AG_GEN001_REGIME_V1
LONDON_NEWYORK_2026-06-02_2026-06-02 13:15:00+00:00_S3_PULLBACK_CONTINUATION,120,S3_PULLBACK_CONTINUATION,2026-06-02T13:15:00+00:00,1.16451,1.1655676550430403,2026-06-02T14:59:00+00:00,104.0,0.19855244995227989,0.1418231785373134,0.056729271414966476,0.8982134640696576,-0.4349244141812145,46.0,,,,SESSION_EXIT_FULL_POSITION,0.0010576550430403397,13,RANGE,NORMAL,LONDON_NEWYORK,BEARISH,2026-06-02T13:15:00+00:00,M1_PRE_ENTRY_60M_AND_CANONICAL_BIAS_GATE,AG_GEN001_REGIME_V1
ASIAN_LONDON_2026-06-04_2026-06-04 08:30:00+00:00_S1_SWEEP_REVERSAL,120,S1_SWEEP_REVERSAL,2026-06-04T08:30:00+00:00,1.1607,1.16144651932735,2026-06-04T09:00:00+00:00,30.0,-1.0,0.20093250704236423,-1.2009325070423642,0.12055950422561346,-0.8707075305169644,10.0,,,,SL,0.000746519327349926,8,TREND,NORMAL,ASIAN_LONDON,BEARISH,2026-06-04T08:30:00+00:00,M1_PRE_ENTRY_60M_AND_CANONICAL_BIAS_GATE,AG_GEN001_REGIME_V1
ASIAN_LONDON_2026-06-08_2026-06-08 08:45:00+00:00_S2_BREAKOUT_CONTINUATION,120,S2_BREAKOUT_CONTINUATION,2026-06-08T08:45:00+00:00,1.15077,1.1514416166836998,2026-06-08T08:46:00+00:00,1.0,-1.0,0.22334168230260712,-1.223341682302607,0.0,0.0,,,,,SL,0.0006716166836997495,8,TREND,NORMAL,ASIAN_LONDON,BEARISH,2026-06-08T08:45:00+00:00,M1_PRE_ENTRY_60M_AND_CANONICAL_BIAS_GATE,AG_GEN001_REGIME_V1
ASIAN_LONDON_2026-06-10_2026-06-10 07:15:00+00:00_S1_SWEEP_REVERSAL,120,S1_SWEEP_REVERSAL,2026-06-10T07:15:00+00:00,1.1553,1.1559149624605383,2026-06-10T09:15:00+00:00,120.0,0.42279003465081655,0.24391732768323196,0.1788727069675846,0.8943635348385991,-0.8455800693019943,50.0,,,,TIME_STOP,0.0006149624605382709,7,RANGE,NORMAL,ASIAN_LONDON,BEARISH,2026-06-10T07:15:00+00:00,M1_PRE_ENTRY_60M_AND_CANONICAL_BIAS_GATE,AG_GEN001_REGIME_V1
ASIAN_LONDON_2026-06-10_2026-06-10 08:00:00+00:00_S3_PULLBACK_CONTINUATION,120,S3_PULLBACK_CONTINUATION,2026-06-10T08:00:00+00:00,1.15487,1.1559121933403071,2026-06-10T10:00:00+00:00,120.0,-0.8347779306895002,0.14392722942923636,-0.9787051601187367,0.11514178354350423,-0.9978954573759714,5.0,,,,TIME_STOP,0.0010421933403070849,8,TREND,NORMAL,ASIAN_LONDON,BEARISH,2026-06-10T08:00:00+00:00,M1_PRE_ENTRY_60M_AND_CANONICAL_BIAS_GATE,AG_GEN001_REGIME_V1
ASIAN_LONDON_2026-06-10_2026-06-10 08:30:00+00:00_S3_PULLBACK_CONTINUATION,120,S3_PULLBACK_CONTINUATION,2026-06-10T08:30:00+00:00,1.15498,1.155910044257714,2026-06-10T10:30:00+00:00,120.0,-0.6021218832924631,0.1612826473104478,-0.7634045306029109,0.21504352974724003,-0.999952413324881,17.0,,,,TIME_STOP,0.0009300442577140355,8,RANGE,NORMAL,ASIAN_LONDON,BEARISH,2026-06-10T08:30:00+00:00,M1_PRE_ENTRY_60M_AND_CANONICAL_BIAS_GATE,AG_GEN001_REGIME_V1
LONDON_NEWYORK_2026-06-10_2026-06-10 12:45:00+00:00_S1_SWEEP_REVERSAL,120,S1_SWEEP_REVERSAL,2026-06-10T12:45:00+00:00,1.1548,1.1565672120288129,2026-06-10T13:35:00+00:00,50.0,-1.0,0.08487945846586875,-1.0848794584658688,0.062244936208334586,-0.9166981514313569,23.0,,,,SL,0.0017672120288128035,12,TREND,NORMAL,LONDON_NEWYORK,BEARISH,2026-06-10T12:45:00+00:00,M1_PRE_ENTRY_60M_AND_CANONICAL_BIAS_GATE,AG_GEN001_REGIME_V1
ASIAN_LONDON_2026-06-12_2026-06-12 08:15:00+00:00_S1_SWEEP_REVERSAL,120,S1_SWEEP_REVERSAL,2026-06-12T08:15:00+00:00,1.15754,1.158636167699635,2026-06-12T09:26:00+00:00,71.0,-1.0,0.13684037583842276,-1.1368403758384227,0.574729578521292,-0.8940237888110112,2.0,,,,SL,0.0010961676996350533,8,TREND,NORMAL,ASIAN_LONDON,BEARISH,2026-06-12T08:15:00+00:00,M1_PRE_ENTRY_60M_AND_CANONICAL_BIAS_GATE,AG_GEN001_REGIME_V1
ASIAN_LONDON_2026-06-12_2026-06-12 10:30:00+00:00_S3_PULLBACK_CONTINUATION,120,S3_PULLBACK_CONTINUATION,2026-06-12T10:30:00+00:00,1.15755,1.1590356721230193,2026-06-12T10:59:00+00:00,29.0,0.1346192049383923,0.10096440370380534,0.03365480123458696,0.2827003303707135,-0.23558360864211178,28.0,,,,SESSION_EXIT_FULL_POSITION,0.0014856721230191994,10,TREND,NORMAL,ASIAN_LONDON,BEARISH,2026-06-12T10:30:00+00:00,M1_PRE_ENTRY_60M_AND_CANONICAL_BIAS_GATE,AG_GEN001_REGIME_V1
LONDON_NEWYORK_2026-06-15_2026-06-15 12:45:00+00:00_S1_SWEEP_REVERSAL,120,S1_SWEEP_REVERSAL,2026-06-15T12:45:00+00:00,1.16148,1.1620197203749296,2026-06-15T14:45:00+00:00,120.0,1.593417702847209,0.27792169235704456,1.3154960104901643,1.8157550567326555,-0.9634618668374837,118.0,98.0,,,TIME_STOP,0.0005397203749295532,12,TREND,NORMAL,LONDON_NEWYORK,BEARISH,2026-06-15T12:45:00+00:00,M1_PRE_ENTRY_60M_AND_CANONICAL_BIAS_GATE,AG_GEN001_REGIME_V1
LONDON_NEWYORK_2026-06-15_2026-06-15 14:15:00+00:00_S3_PULLBACK_CONTINUATION,120,S3_PULLBACK_CONTINUATION,2026-06-15T14:15:00+00:00,1.16118,1.1621102202139937,2026-06-15T14:59:00+00:00,44.0,0.49450656208090166,0.16125213980894515,0.33325442227195645,0.731009700467233,-0.3010039943098546,28.0,,,,SESSION_EXIT_FULL_POSITION,0.0009302202139935822,14,RANGE,NORMAL,LONDON_NEWYORK,BEARISH,2026-06-15T14:15:00+00:00,M1_PRE_ENTRY_60M_AND_CANONICAL_BIAS_GATE,AG_GEN001_REGIME_V1
LONDON_NEWYORK_2026-06-15_2026-06-15 14:30:00+00:00_S3_PULLBACK_CONTINUATION,120,S3_PULLBACK_CONTINUATION,2026-06-15T14:30:00+00:00,1.16062,1.1621134901987082,2026-06-15T14:59:00+00:00,29.0,-0.06695725227154518,0.10043587840732883,-0.167393130678874,0.08034870272579474,-0.3749606127207719,13.0,,,,SESSION_EXIT_FULL_POSITION,0.0014934901987082583,14,TREND,NORMAL,LONDON_NEWYORK,BEARISH,2026-06-15T14:30:00+00:00,M1_PRE_ENTRY_60M_AND_CANONICAL_BIAS_GATE,AG_GEN001_REGIME_V1
