server_time_raw,open_time_utc,open,high,low,close,tick_volume,spread_points,real_volume
1735776000,2025-01-01T22:00:00+00:00,94968.72,97838.89,94382.28,97201.06,138895,1594,0
1735862400,2025-01-02T22:00:00+00:00,97204.49,98975.29,96093.71,98257.24,102694,1594,0
1735948800,2025-01-03T22:00:00+00:00,98172.1,98775.84,97514.66,98352.02,57988,1594,0
1736035200,2025-01-04T22:00:00+00:00,98355.15,98669.13,97267.16,98486.69,67919,1594,0
1736121600,2025-01-05T22:00:00+00:00,98487.23,102469.88,97909.25,101595.81,125362,1594,0
1736208000,2025-01-06T22:00:00+00:00,101594.98,102723.78,96158.55,96496.05,139998,1594,0
1736294400,2025-01-07T22:00:00+00:00,96492.61,97264.14,92504.33,94453.62,194339,1594,0
1736380800,2025-01-08T22:00:00+00:00,94452.99,95378.94,91197.32,92108.2,198548,1594,0
1736467200,2025-01-09T22:00:00+00:00,92098.61,95836.84,91622.17,94611.41,209042,1594,0
1736553600,2025-01-10T22:00:00+00:00,94701.11,95030.86,93828.88,94930.75,71901,1594,0
1736640000,2025-01-11T22:00:00+00:00,94932.08,95452.73,93706.57,94338.65,77587,1594,0
1736726400,2025-01-12T22:00:00+00:00,94339.04,95940.64,89146.17,94202.84,229197,1594,0
1736812800,2025-01-13T22:00:00+00:00,94197.04,97376.85,94139.27,96479.36,155402,1594,0
1736899200,2025-01-14T22:00:00+00:00,96480.02,100674.28,96437.33,99672.26,136518,1594,0
1736985600,2025-01-15T22:00:00+00:00,99667.99,100873.02,97327.27,100143.85,153934,1594,0
1737072000,2025-01-16T22:00:00+00:00,100141.77,105838.43,99376.69,104588.98,148295,1594,0
1737158400,2025-01-17T22:00:00+00:00,104647.65,104980.54,102268.12,103885.57,118503,1594,0
1737244800,2025-01-18T22:00:00+00:00,103881.59,106432.02,103444.55,103679.22,147555,1594,0
1737331200,2025-01-19T22:00:00+00:00,103677.26,109699.41,99542.71,102589.7,367217,1594,0
1737417600,2025-01-20T22:00:00+00:00,102589.17,107237.72,100134.7,106767.33,262313,1594,0
1737504000,2025-01-21T22:00:00+00:00,106767.25,106772.48,103330.76,104087.74,149092,1594,0
1737590400,2025-01-22T22:00:00+00:00,104089.44,106847.64,101244.93,103056.71,219793,1594,0
1737676800,2025-01-23T22:00:00+00:00,103062.92,107130.44,102741.05,105106.99,152865,1594,0
1737763200,2025-01-24T22:00:00+00:00,104856.22,105284.62,104098.99,105090.55,66185,1594,0
1737849600,2025-01-25T22:00:00+00:00,105095.64,105499.98,104432.26,104552.61,58214,1594,0
1737936000,2025-01-26T22:00:00+00:00,104549.18,104709.49,97750.71,101340.25,268763,1594,0
1738022400,2025-01-27T22:00:00+00:00,101337.64,103802.15,100265.36,100321.69,156705,1594,0
1738108800,2025-01-28T22:00:00+00:00,100321.06,104786.71,100264.96,103734.12,158507,1594,0
1738195200,2025-01-29T22:00:00+00:00,103734.71,106445.61,103283.06,105040.33,124708,1594,0
1738281600,2025-01-30T22:00:00+00:00,105038.74,106013.08,101532.13,102131.85,140691,1594,0
1738368000,2025-01-31T22:00:00+00:00,102423.37,102775.61,100956.32,101178.05,82692,1594,0
1738454400,2025-02-01T22:00:00+00:00,101179.91,101453.92,96558.87,97016.64,197446,1594,0
1738540800,2025-02-02T22:00:00+00:00,97021.18,101965.81,91227.19,101793.91,355668,1594,0
1738627200,2025-02-03T22:00:00+00:00,101783.0,102474.49,96414.16,96501.51,240329,1594,0
1738713600,2025-02-04T22:00:00+00:00,96503.37,99158.54,96132.22,96915.92,176735,1594,0
1738800000,2025-02-05T22:00:00+00:00,96915.92,99129.91,95669.98,96799.4,165325,1594,0
1738886400,2025-02-06T22:00:00+00:00,96799.45,100134.1,95606.48,95995.07,181092,1594,0
1738972800,2025-02-07T22:00:00+00:00,96196.28,96743.98,95678.28,96525.55,48631,1594,0
1739059200,2025-02-08T22:00:00+00:00,96519.21,97319.65,94702.11,95156.97,85770,1594,0
1739145600,2025-02-09T22:00:00+00:00,95160.3,98353.06,94779.36,97373.44,140250,1594,0
1739232000,2025-02-10T22:00:00+00:00,97370.77,98482.75,94861.95,96376.65,116973,1594,0
1739318400,2025-02-11T22:00:00+00:00,96377.56,97903.77,94066.92,97637.54,149943,1594,0
1739404800,2025-02-12T22:00:00+00:00,97640.5,98113.16,95213.61,96480.6,138370,1594,0
1739491200,2025-02-13T22:00:00+00:00,96479.82,98832.56,96264.55,97443.62,114201,1594,0
1739577600,2025-02-14T22:00:00+00:00,97493.1,97962.19,97215.68,97678.49,60642,1594,0
1739664000,2025-02-15T22:00:00+00:00,97677.49,97743.3,96617.41,97164.67,66022,1594,0
1739750400,2025-02-16T22:00:00+00:00,97167.43,97191.24,95194.08,96401.09,104357,1594,0
1739836800,2025-02-17T22:00:00+00:00,96400.31,96741.97,93381.32,95057.75,138630,1594,0
1739923200,2025-02-18T22:00:00+00:00,95057.74,96698.87,94864.33,96308.31,107391,1594,0
1740009600,2025-02-19T22:00:00+00:00,96307.93,98709.36,96298.71,98080.61,96441,1594,0
1740096000,2025-02-20T22:00:00+00:00,98081.01,99482.97,94865.26,95385.28,138441,1594,0
1740182400,2025-02-21T22:00:00+00:00,96173.55,96979.48,95760.33,96651.09,53627,1594,0
1740268800,2025-02-22T22:00:00+00:00,96645.56,96695.82,95237.21,95755.43,55394,1594,0
1740355200,2025-02-23T22:00:00+00:00,95758.56,96492.7,93605.84,93966.25,117209,1594,0
1740441600,2025-02-24T22:00:00+00:00,93971.28,93984.88,86044.58,88806.54,277992,1594,0
1740528000,2025-02-25T22:00:00+00:00,88807.82,89456.11,82241.37,84603.41,199554,1594,0
1740614400,2025-02-26T22:00:00+00:00,84602.39,87072.22,82707.08,84405.39,196821,1594,0
1740700800,2025-02-27T22:00:00+00:00,84403.17,85128.26,78251.49,84249.59,321362,1594,0
1740787200,2025-02-28T22:00:00+00:00,84364.39,86551.72,83809.53,86066.44,110498,1594,0
1740873600,2025-03-01T22:00:00+00:00,86067.14,94992.0,85038.48,94285.56,183187,1594,0
1740960000,2025-03-02T22:00:00+00:00,94282.2,94846.78,85095.48,85358.49,285235,1594,0
1741046400,2025-03-03T22:00:00+00:00,85364.45,88954.02,81491.97,87513.94,341584,1594,0
1741132800,2025-03-04T22:00:00+00:00,87513.49,90923.11,86344.99,90366.51,246133,1594,0
1741219200,2025-03-05T22:00:00+00:00,90365.65,92809.41,87833.74,89877.02,233618,1594,0
1741305600,2025-03-06T22:00:00+00:00,89905.09,91276.7,84643.07,86334.58,295265,1594,0
1741392000,2025-03-07T22:00:00+00:00,86801.06,86886.33,85227.04,86220.57,92682,1594,0
1741478400,2025-03-08T22:00:00+00:00,86221.26,86512.08,82210.72,83067.17,110129,1594,0
1741564800,2025-03-09T21:00:00+00:00,83071.68,84053.62,77443.62,79293.62,301604,1594,0
1741651200,2025-03-10T21:00:00+00:00,79293.87,83617.84,76585.91,82794.32,267530,1594,0
1741737600,2025-03-11T21:00:00+00:00,82794.39,84484.5,80596.1,83108.71,205393,1594,0
1741824000,2025-03-12T21:00:00+00:00,83109.27,84334.83,79927.98,80369.38,173442,1594,0
1741910400,2025-03-13T21:00:00+00:00,80367.57,85314.12,80272.85,84122.73,133961,1594,0
1741996800,2025-03-14T21:00:00+00:00,84437.61,84676.14,83609.51,84379.94,60327,1594,0
1742083200,2025-03-15T21:00:00+00:00,84380.61,85120.34,82363.63,83210.14,98766,1594,0
1742169600,2025-03-16T21:00:00+00:00,83199.43,84746.26,81985.68,83946.17,131980,1594,0
1742256000,2025-03-17T21:00:00+00:00,83949.94,84246.93,81138.01,82046.71,115846,1594,0
1742342400,2025-03-18T21:00:00+00:00,82044.8,85936.85,81920.45,85345.79,128295,1594,0
1742428800,2025-03-19T21:00:00+00:00,85345.34,87430.28,83633.52,84520.78,128184,1594,0
1742515200,2025-03-20T21:00:00+00:00,84522.65,84837.42,83164.21,84206.26,99399,1594,0
1742601600,2025-03-21T21:00:00+00:00,84167.22,84531.91,83941.82,83942.83,42014,1594,0
1742688000,2025-03-22T21:00:00+00:00,83940.52,85407.96,83652.65,85095.92,52145,1594,0
1742774400,2025-03-23T21:00:00+00:00,85096.02,88763.52,84912.8,87820.26,103067,1594,0
1742860800,2025-03-24T21:00:00+00:00,87820.21,88527.83,86296.72,87849.55,98123,1594,0
1742947200,2025-03-25T21:00:00+00:00,87844.54,88275.19,85846.03,87274.36,92020,1594,0
1743033600,2025-03-26T21:00:00+00:00,87274.38,87749.44,85795.81,87293.28,89048,1594,0
1743120000,2025-03-27T21:00:00+00:00,87293.31,87717.7,83576.98,83788.52,114736,1594,0
1743206400,2025-03-28T21:00:00+00:00,84473.7,84616.38,81640.56,82503.26,78835,1594,0
1743292800,2025-03-29T21:00:00+00:00,82502.45,83528.32,82038.98,82546.24,71640,1594,0
1743379200,2025-03-30T21:00:00+00:00,82548.79,83920.89,81267.24,82413.58,146108,1594,0
1743465600,2025-03-31T21:00:00+00:00,82425.75,85496.33,82252.72,85226.17,119272,1594,0
1743552000,2025-04-01T21:00:00+00:00,85227.68,88504.6,83899.24,85652.07,138454,1594,0
1743638400,2025-04-02T21:00:00+00:00,85651.02,85730.46,81201.86,82360.86,171587,1594,0
1743724800,2025-04-03T21:00:00+00:00,82358.4,84717.74,81649.64,84156.81,191930,1594,0
1743811200,2025-04-04T21:00:00+00:00,84052.67,84258.55,82374.87,83077.52,58958,1594,0
1743897600,2025-04-05T21:00:00+00:00,83079.44,83776.59,78528.73,78856.61,111446,1594,0
1743984000,2025-04-06T21:00:00+00:00,78872.53,81218.74,74496.09,78941.56,363457,1594,0
1744070400,2025-04-07T21:00:00+00:00,78940.49,80858.31,76343.88,77117.78,202050,1594,0
1744156800,2025-04-08T21:00:00+00:00,77118.76,83256.93,74605.03,83185.36,263408,1594,0
1744243200,2025-04-09T21:00:00+00:00,83186.38,83580.9,78455.4,79921.88,180295,1594,0
1744329600,2025-04-10T21:00:00+00:00,79922.48,84208.53,78961.28,83835.08,154442,1594,0
1744416000,2025-04-11T21:00:00+00:00,83406.89,85897.02,82781.82,85498.58,85485,1594,0
1744502400,2025-04-12T21:00:00+00:00,85503.03,86093.56,83028.04,83495.8,109130,1594,0
1744588800,2025-04-13T21:00:00+00:00,83487.65,85791.26,83029.34,84843.56,146396,1594,0
1744675200,2025-04-14T21:00:00+00:00,84843.5,86456.03,83788.33,84005.23,111507,1594,0
1744761600,2025-04-15T21:00:00+00:00,84005.16,85541.3,83096.33,84289.31,123450,1594,0
1744848000,2025-04-16T21:00:00+00:00,84289.4,85473.74,83727.86,85134.21,91454,1594,0
1744934400,2025-04-17T21:00:00+00:00,85132.68,85134.25,84293.03,84506.21,51231,1594,0
1745020800,2025-04-18T21:00:00+00:00,84520.66,85654.27,84334.03,85188.16,47240,1594,0
1745107200,2025-04-19T21:00:00+00:00,85188.17,85369.22,83930.79,85115.75,50877,1594,0
1745193600,2025-04-20T21:00:00+00:00,85117.18,88462.93,84662.8,87358.36,112413,1594,0
1745280000,2025-04-21T21:00:00+00:00,87358.5,91688.32,86879.96,91086.94,106525,1594,0
1745366400,2025-04-22T21:00:00+00:00,91090.82,94724.45,91041.89,93631.11,127352,1594,0
1745452800,2025-04-23T21:00:00+00:00,93631.12,93899.31,91653.68,93381.0,89147,1594,0
1745539200,2025-04-24T21:00:00+00:00,93381.78,95751.2,92840.08,94858.26,94756,1594,0
1745625600,2025-04-25T21:00:00+00:00,94854.28,95194.35,93862.43,94076.06,39570,1594,0
1745712000,2025-04-26T21:00:00+00:00,94084.43,95309.03,93600.63,94257.85,59365,1594,0
1745798400,2025-04-27T21:00:00+00:00,94257.05,95599.21,92788.52,94457.67,88823,1594,0
1745884800,2025-04-28T21:00:00+00:00,94458.14,95453.02,94194.69,94830.73,78205,1594,0
1745971200,2025-04-29T21:00:00+00:00,94830.9,95227.01,92907.71,94554.36,82994,1594,0
1746057600,2025-04-30T21:00:00+00:00,94554.82,97417.89,93978.86,96404.02,78304,1594,0
1746144000,2025-05-01T21:00:00+00:00,96402.3,97887.89,96177.69,97013.39,75718,1594,0
1746230400,2025-05-02T21:00:00+00:00,96648.16,96918.28,95853.65,96335.0,41645,1594,0
1746316800,2025-05-03T21:00:00+00:00,96332.32,96436.1,95220.04,95709.05,52004,1594,0
1746403200,2025-05-04T21:00:00+00:00,95710.4,95751.01,93505.9,94230.01,75350,1594,0
1746489600,2025-05-05T21:00:00+00:00,94230.05,95196.0,93381.86,94668.41,70572,1594,0
1746576000,2025-05-06T21:00:00+00:00,94668.38,97722.06,94442.89,96757.81,98224,1594,0
1746662400,2025-05-07T21:00:00+00:00,96757.83,102841.44,96639.18,102601.39,123208,1594,0
1746748800,2025-05-08T21:00:00+00:00,102598.79,104353.29,102101.5,103179.9,151627,1594,0
1746835200,2025-05-09T21:00:00+00:00,102778.7,104106.25,102730.41,103186.03,63542,1594,0
1746921600,2025-05-10T21:00:00+00:00,103186.91,104983.72,103152.49,104259.5,103692,1594,0
1747008000,2025-05-11T21:00:00+00:00,104259.71,105817.1,100725.27,102672.33,155956,1594,0
1747094400,2025-05-12T21:00:00+00:00,102675.37,104973.95,101411.82,104554.04,118264,1594,0
1747180800,2025-05-13T21:00:00+00:00,104554.18,104616.75,102595.1,103548.55,103670,1594,0
1747267200,2025-05-14T21:00:00+00:00,103547.7,104190.51,101383.08,103435.31,115053,1594,0
1747353600,2025-05-15T21:00:00+00:00,103437.95,104553.04,102701.31,103684.92,103437,1594,0
1747440000,2025-05-16T21:00:00+00:00,103453.82,103709.57,102594.84,103365.0,70148,1594,0
1747526400,2025-05-17T21:00:00+00:00,103366.65,105970.85,102892.52,104045.06,89757,1594,0
1747612800,2025-05-18T21:00:00+00:00,104045.07,107104.37,102063.83,105465.94,155246,1594,0
1747699200,2025-05-19T21:00:00+00:00,105468.01,107305.45,104169.78,106909.9,113565,1594,0
1747785600,2025-05-20T21:00:00+00:00,106903.86,109841.91,105931.44,108229.34,175272,1594,0
1747872000,2025-05-21T21:00:00+00:00,108230.72,111975.98,107928.21,111065.4,166768,1594,0
1747958400,2025-05-22T21:00:00+00:00,111064.54,111790.69,107317.08,108235.66,306666,1594,0
1748044800,2025-05-23T21:00:00+00:00,107784.01,109491.14,106791.32,108850.49,180003,1594,0
1748131200,2025-05-24T21:00:00+00:00,108852.35,108870.98,106585.82,107682.49,265158,1594,0
1748217600,2025-05-25T21:00:00+00:00,107682.5,110438.23,107163.31,109598.2,233606,1594,0
1748304000,2025-05-26T21:00:00+00:00,109598.17,110724.2,107503.95,109542.41,271460,1594,0
1748390400,2025-05-27T21:00:00+00:00,109542.37,109682.68,106778.09,107323.14,259808,1594,0
1748476800,2025-05-28T21:00:00+00:00,107315.27,108892.52,105633.59,106182.98,302344,1594,0
1748563200,2025-05-29T21:00:00+00:00,106182.97,106471.04,103689.55,104576.13,367962,1594,0
1748649600,2025-05-30T21:00:00+00:00,103952.97,104841.41,103071.95,104782.62,213353,1594,0
1748736000,2025-05-31T21:00:00+00:00,104774.69,105299.0,103747.14,104948.19,248526,1594,0
1748822400,2025-06-01T21:00:00+00:00,104949.32,105931.79,103662.43,104868.9,269212,1594,0
1748908800,2025-06-02T21:00:00+00:00,104868.85,106802.02,104557.04,105729.28,250381,1594,0
1748995200,2025-06-03T21:00:00+00:00,105730.86,105978.73,104176.58,104611.3,231407,1594,0
1749081600,2025-06-04T21:00:00+00:00,104612.81,105904.52,100396.65,100487.75,316578,1594,0
1749168000,2025-06-05T21:00:00+00:00,100487.77,105326.2,100423.8,104476.14,325871,1594,0
1749254400,2025-06-06T21:00:00+00:00,104465.81,105890.62,103869.95,105839.56,192382,1594,0
1749340800,2025-06-07T21:00:00+00:00,105839.52,106348.41,104962.79,106136.85,208824,1594,0
1749427200,2025-06-08T21:00:00+00:00,106138.9,108782.34,105311.9,108690.89,277978,1594,0
1749513600,2025-06-09T21:00:00+00:00,108686.01,110609.49,108330.06,109949.84,348690,1594,0
1749600000,2025-06-10T21:00:00+00:00,109946.25,110402.34,108406.96,108896.31,311212,1594,0
1749686400,2025-06-11T21:00:00+00:00,108896.35,109208.75,105761.15,105956.99,330712,1594,0
1749772800,2025-06-12T21:00:00+00:00,105956.92,106422.08,102666.21,105421.45,534471,1594,0
1749859200,2025-06-13T21:00:00+00:00,106041.62,106220.81,104304.32,104892.49,100751,1594,0
1749945600,2025-06-14T21:00:00+00:00,104892.49,106127.81,104596.44,104729.52,136807,1594,0
1750032000,2025-06-15T21:00:00+00:00,104738.06,108895.55,104487.49,108782.15,182382,1594,0
1750118400,2025-06-16T21:00:00+00:00,108782.1,108968.54,103358.44,104352.97,245868,1594,0
1750204800,2025-06-17T21:00:00+00:00,104353.37,105551.49,103490.83,104806.28,213073,1594,0
1750291200,2025-06-18T21:00:00+00:00,104809.54,105234.0,103915.22,104264.31,139799,1594,0
1750377600,2025-06-19T21:00:00+00:00,104264.35,106531.24,102343.85,103693.61,185832,1594,0
1750464000,2025-06-20T21:00:00+00:00,103096.0,103989.13,102190.0,102781.1,102088,1594,0
1750550400,2025-06-21T21:00:00+00:00,102780.55,103397.67,98182.69,99533.91,291077,1594,0
1750636800,2025-06-22T21:00:00+00:00,99533.97,103906.53,99000.71,103728.81,229093,1594,0
1750723200,2025-06-23T21:00:00+00:00,103731.74,106275.8,103617.93,106068.07,189744,1594,0
1750809600,2025-06-24T21:00:00+00:00,106068.08,108120.29,105715.19,107768.3,137972,1594,0
1750896000,2025-06-25T21:00:00+00:00,107766.04,108267.34,106551.66,107763.27,119604,1594,0
1750982400,2025-06-26T21:00:00+00:00,107761.46,107792.64,106366.34,107115.14,112702,1594,0
1751068800,2025-06-27T21:00:00+00:00,107091.46,107542.59,106800.39,107157.46,27839,1594,0
1751155200,2025-06-28T21:00:00+00:00,107158.54,108522.89,107152.34,107351.94,56640,1594,0
1751241600,2025-06-29T21:00:00+00:00,107344.12,108780.81,106726.92,107568.83,105176,1594,0
1751328000,2025-06-30T21:00:00+00:00,107568.87,107585.68,105242.01,105904.51,107980,1594,0
1751414400,2025-07-01T21:00:00+00:00,105902.94,109734.73,105093.24,109132.28,111027,1594,0
1751500800,2025-07-02T21:00:00+00:00,109133.03,110511.96,108523.25,109939.26,110089,1594,0
1751587200,2025-07-03T21:00:00+00:00,109939.29,109998.11,107245.25,107688.98,97516,1594,0
1751673600,2025-07-04T21:00:00+00:00,108241.14,108418.05,107743.46,108082.65,50792,1594,0
1751760000,2025-07-05T21:00:00+00:00,108085.49,109126.86,107796.13,108658.97,66113,1594,0
1751846400,2025-07-06T21:00:00+00:00,108660.18,109703.09,107496.42,107871.56,136318,1594,0
1751932800,2025-07-07T21:00:00+00:00,107871.54,109210.5,107426.39,108624.94,122548,1594,0
1752019200,2025-07-08T21:00:00+00:00,108622.57,112009.33,108318.31,110711.08,132705,1594,0
1752105600,2025-07-09T21:00:00+00:00,110711.12,113783.78,110495.96,113479.2,140711,1594,0
1752192000,2025-07-10T21:00:00+00:00,113479.53,118871.58,113377.28,117651.61,224202,1594,0
1752278400,2025-07-11T21:00:00+00:00,117599.88,118194.63,116900.77,117016.92,101437,1694,0
1752364800,2025-07-12T21:00:00+00:00,117016.91,119482.49,116991.53,119076.85,122156,1694,0
1752451200,2025-07-13T21:00:00+00:00,119076.82,123215.2,118235.19,120162.72,217181,1694,0
1752537600,2025-07-14T21:00:00+00:00,120161.71,120310.18,115714.11,116402.03,257255,1694,0
1752624000,2025-07-15T21:00:00+00:00,116403.03,119934.2,116326.58,119912.66,183047,1694,0
1752710400,2025-07-16T21:00:00+00:00,119912.62,120062.36,117434.6,119434.13,200722,1694,0
1752796800,2025-07-17T21:00:00+00:00,119434.16,120945.28,116805.86,117388.75,241444,1694,0
1752883200,2025-07-18T21:00:00+00:00,117695.46,118487.82,117451.93,117708.99,114306,1794,0
1752969600,2025-07-19T21:00:00+00:00,117706.95,118853.55,117268.61,118092.39,150619,1794,0
1753056000,2025-07-20T21:00:00+00:00,118095.28,119652.82,116462.67,116936.84,213640,1794,0
1753142400,2025-07-21T21:00:00+00:00,116934.63,120194.11,116103.84,119686.12,214947,1794,0
1753228800,2025-07-22T21:00:00+00:00,119690.81,120233.23,117296.78,117884.47,165020,1794,0
1753315200,2025-07-23T21:00:00+00:00,117886.23,119477.08,117095.36,118714.84,168970,1794,0
1753401600,2025-07-24T21:00:00+00:00,118714.37,118784.58,114707.54,117045.32,212128,1794,0
1753574400,2025-07-26T21:00:00+00:00,117894.74,119546.91,117808.44,118745.44,76949,1794,0
1753660800,2025-07-27T21:00:00+00:00,118747.1,119800.64,117398.51,118037.87,141886,1794,0
1753747200,2025-07-28T21:00:00+00:00,118030.77,119272.71,116939.65,117492.07,169304,1794,0
1753833600,2025-07-29T21:00:00+00:00,117485.92,118787.41,115759.38,117171.39,163901,1794,0
1753920000,2025-07-30T21:00:00+00:00,117170.8,118911.74,116435.11,116502.38,146049,1794,0
1754006400,2025-07-31T21:00:00+00:00,116502.32,116890.08,113155.83,113943.18,289983,1694,0
1754092800,2025-08-01T21:00:00+00:00,113193.89,114055.86,111996.55,112795.28,140596,1694,0
1754179200,2025-08-02T21:00:00+00:00,112795.95,114777.47,111906.22,114409.26,128910,1694,0
1754265600,2025-08-03T21:00:00+00:00,114409.13,115727.81,114054.43,114804.52,144571,1694,0
1754352000,2025-08-04T21:00:00+00:00,114803.94,115344.24,112639.05,113690.56,197918,1694,0
1754438400,2025-08-05T21:00:00+00:00,113690.94,115701.58,113287.56,115039.93,175600,1694,0
1754524800,2025-08-06T21:00:00+00:00,115039.88,117525.08,114261.32,117172.29,163997,1694,0
1754611200,2025-08-07T21:00:00+00:00,117172.25,117644.48,115882.55,116884.41,185014,1694,0
1754697600,2025-08-08T21:00:00+00:00,116880.73,117926.48,116335.66,116775.72,149008,1694,0
1754784000,2025-08-09T21:00:00+00:00,116775.65,119103.48,116372.64,118312.94,179124,1694,0
1754870400,2025-08-10T21:00:00+00:00,118312.94,122317.13,118071.08,118819.4,223783,1694,0
1754956800,2025-08-11T21:00:00+00:00,118820.32,120312.39,118061.49,120177.31,185485,1694,0
1755043200,2025-08-12T21:00:00+00:00,120173.18,122974.55,118925.68,122899.76,179212,1694,0
1755129600,2025-08-13T21:00:00+00:00,122896.82,124492.34,117166.1,117858.26,240551,1794,0
1755216000,2025-08-14T21:00:00+00:00,117858.28,119222.84,116793.11,117265.74,197270,1794,0
1755302400,2025-08-15T21:00:00+00:00,117739.14,117888.74,117032.14,117643.25,71796,1794,0
1755388800,2025-08-16T21:00:00+00:00,117643.2,118573.91,117172.63,117598.55,79401,1794,0
1755475200,2025-08-17T21:00:00+00:00,117598.6,117995.92,114637.19,116394.54,177072,1794,0
1755561600,2025-08-18T21:00:00+00:00,116395.02,116976.58,112740.72,113556.49,182312,1794,0
1755648000,2025-08-19T21:00:00+00:00,113556.94,114448.16,112358.09,114374.35,177379,1794,0
1755734400,2025-08-20T21:00:00+00:00,114374.7,114811.73,112001.04,112442.99,139322,1794,0
1755820800,2025-08-21T21:00:00+00:00,112443.61,117409.0,111674.4,117042.44,119167,1794,0
1755993600,2025-08-23T21:00:00+00:00,115288.88,115667.43,110623.53,112769.47,142562,1794,0
1756080000,2025-08-24T21:00:00+00:00,112781.22,113690.58,109386.03,109557.37,245437,1794,0
1756166400,2025-08-25T21:00:00+00:00,109554.55,111367.94,108677.13,111311.88,222217,1794,0
1756252800,2025-08-26T21:00:00+00:00,111311.95,112616.44,110345.01,112407.32,172646,1894,0
1756339200,2025-08-27T21:00:00+00:00,112407.37,113466.85,110852.04,111894.99,144494,1894,0
1756425600,2025-08-28T21:00:00+00:00,111889.96,112631.97,107515.63,107772.02,196879,1894,0
1756512000,2025-08-29T21:00:00+00:00,108444.45,108920.42,107340.48,108640.49,99732,1894,0
1756598400,2025-08-30T21:00:00+00:00,108640.55,109479.73,108179.1,109115.21,96084,1894,0
1756684800,2025-08-31T21:00:00+00:00,109114.5,109898.06,107241.16,108865.33,184204,1894,0
1756771200,2025-09-01T21:00:00+00:00,108865.39,111765.13,107446.99,111408.33,195623,1894,0
1756857600,2025-09-02T21:00:00+00:00,111409.95,112573.0,110529.54,112201.23,137771,1894,0
1756944000,2025-09-03T21:00:00+00:00,112201.1,112244.93,109314.85,110394.46,143667,1894,0
1757030400,2025-09-04T21:00:00+00:00,110395.41,113378.8,110203.61,111634.69,199688,1894,0
1757203200,2025-09-06T21:00:00+00:00,110157.74,111405.6,110066.71,111325.47,69481,1694,0
1757289600,2025-09-07T21:00:00+00:00,111319.97,112930.35,110610.33,111949.36,124803,1694,0
1757376000,2025-09-08T21:00:00+00:00,111949.29,113280.52,110756.55,111521.64,142693,1694,0
1757462400,2025-09-09T21:00:00+00:00,111521.79,114301.1,110910.9,113547.35,139126,1694,0
1757548800,2025-09-10T21:00:00+00:00,113552.12,114722.02,113414.76,114388.24,126211,1694,0
1757635200,2025-09-11T21:00:00+00:00,114389.13,116657.2,114386.38,116143.37,136693,1694,0
1757721600,2025-09-12T21:00:00+00:00,116007.79,116282.61,115106.45,115896.59,73812,1694,0
1757808000,2025-09-13T21:00:00+00:00,115891.31,116156.87,115150.4,115792.15,74300,1694,0
1757894400,2025-09-14T21:00:00+00:00,115792.16,116747.06,114370.74,115370.71,130223,1694,0
1757980800,2025-09-15T21:00:00+00:00,115371.34,116901.31,114744.38,116825.93,108370,1694,0
1758067200,2025-09-16T21:00:00+00:00,116823.57,117273.46,114721.99,115614.96,125978,1694,0
1758153600,2025-09-17T21:00:00+00:00,115613.23,117897.73,115306.26,117507.18,108040,1694,0
1758240000,2025-09-18T21:00:00+00:00,117506.87,117506.87,115082.22,115335.57,96936,1694,0
1758326400,2025-09-19T21:00:00+00:00,115337.98,116117.1,115298.51,115713.03,55371,1694,0
1758412800,2025-09-20T21:00:00+00:00,115711.19,115933.24,115202.08,115299.88,55871,1694,0
1758499200,2025-09-21T21:00:00+00:00,115299.82,115540.62,111690.49,112776.13,146566,1694,0
1758585600,2025-09-22T21:00:00+00:00,112776.13,113284.24,111445.83,111975.8,119364,1694,0
1758672000,2025-09-23T21:00:00+00:00,111974.38,113937.61,111010.74,113493.3,120741,1694,0
1758758400,2025-09-24T21:00:00+00:00,113493.33,113641.72,108610.39,109159.31,164700,1694,0
1758844800,2025-09-25T21:00:00+00:00,109159.27,110295.4,108609.23,109283.39,166331,1694,0
1758931200,2025-09-26T21:00:00+00:00,109283.19,109730.84,109058.42,109381.79,65267,1694,0
1759017600,2025-09-27T21:00:00+00:00,109380.79,110940.05,109185.34,110800.92,74435,1694,0
1759104000,2025-09-28T21:00:00+00:00,110796.39,114408.07,110625.67,114242.22,115061,1694,0
1759190400,2025-09-29T21:00:00+00:00,114242.17,114774.54,112646.74,114628.95,117543,1694,0
1759276800,2025-09-30T21:00:00+00:00,114628.91,118189.86,113758.31,117527.09,146055,1694,0
1759363200,2025-10-01T21:00:00+00:00,117527.54,121018.97,117327.59,120634.29,147377,0,0
1759449600,2025-10-02T21:00:00+00:00,120634.29,123887.61,119230.6,122437.63,155933,1694,0
1759536000,2025-10-03T21:00:00+00:00,122437.62,122791.02,121508.39,121882.46,87575,1694,0
1759622400,2025-10-04T21:00:00+00:00,121881.12,125752.4,121865.17,122703.86,135485,1694,0
1759708800,2025-10-05T21:00:00+00:00,122702.66,126188.06,122486.42,125195.77,149544,1694,0
1759795200,2025-10-06T21:00:00+00:00,125197.59,125279.13,120586.44,121943.44,161263,1694,0
1759881600,2025-10-07T21:00:00+00:00,121946.35,124187.95,121057.95,122845.51,164386,1694,0
1759968000,2025-10-08T21:00:00+00:00,122842.8,123756.74,119638.09,121100.1,167998,1694,0
1760054400,2025-10-09T21:00:00+00:00,121100.11,122525.87,112930.9,114260.52,198227,1694,0
1760140800,2025-10-10T21:00:00+00:00,114284.56,114284.56,109666.25,110241.12,228417,1694,0
1760227200,2025-10-11T21:00:00+00:00,110242.02,115451.65,109551.37,114920.05,239643,1694,0
1760313600,2025-10-12T21:00:00+00:00,114920.62,115957.81,113603.25,115710.3,252443,1694,0
1760400000,2025-10-13T21:00:00+00:00,115710.3,115829.06,109852.72,112985.83,261640,1694,0
1760486400,2025-10-14T21:00:00+00:00,112987.29,113608.18,110144.37,111098.56,222001,1694,0
1760572800,2025-10-15T21:00:00+00:00,111101.99,111981.44,107418.89,107833.95,270103,1694,0
1760659200,2025-10-16T21:00:00+00:00,107833.99,109229.57,103521.24,107015.78,327522,1694,0
1760745600,2025-10-17T21:00:00+00:00,107013.84,107492.49,106308.54,106997.52,114139,1694,0
1760832000,2025-10-18T21:00:00+00:00,107002.43,109439.75,106101.31,108837.28,130643,1694,0
1760918400,2025-10-19T21:00:00+00:00,108837.32,111706.46,107408.96,111087.92,176057,1694,0
1761004800,2025-10-20T21:00:00+00:00,111089.23,114008.68,107461.97,110789.73,219657,1694,0
1761091200,2025-10-21T21:00:00+00:00,110788.38,111115.48,106705.87,107680.17,234367,1694,0
1761177600,2025-10-22T21:00:00+00:00,107683.57,111293.55,106681.87,109505.71,183950,1694,0
1761264000,2025-10-23T21:00:00+00:00,109505.72,112119.89,109352.57,110885.18,141385,1694,0
1761350400,2025-10-24T21:00:00+00:00,110885.15,111942.22,110625.75,111430.33,72455,1694,0
1761436800,2025-10-25T21:00:00+00:00,111430.2,114013.2,111253.68,113306.98,141139,1694,0
1761523200,2025-10-26T21:00:00+00:00,113308.84,116391.45,112909.2,114444.61,160390,1694,0
1761609600,2025-10-27T21:00:00+00:00,114444.48,116091.15,112315.61,112796.27,146840,1694,0
1761696000,2025-10-28T21:00:00+00:00,112793.39,113632.42,109222.5,111426.17,178092,1694,0
1761782400,2025-10-29T21:00:00+00:00,111426.22,111794.93,106297.4,107497.11,243121,1694,0
1761868800,2025-10-30T21:00:00+00:00,107497.09,111151.53,107387.54,109485.0,191914,1694,0
1761955200,2025-10-31T21:00:00+00:00,109485.05,110550.43,109311.4,110399.95,105665,1694,0
1762041600,2025-11-01T21:00:00+00:00,110399.94,111238.41,109723.85,109989.22,102385,1694,0
1762128000,2025-11-02T22:00:00+00:00,109989.24,110751.92,105295.65,106883.13,272069,1694,0
1762214400,2025-11-03T22:00:00+00:00,106883.12,107286.18,98929.91,100304.97,360576,1694,0
1762300800,2025-11-04T22:00:00+00:00,100305.14,104533.56,98955.57,103663.17,289517,1694,0
1762387200,2025-11-05T22:00:00+00:00,103663.19,104195.0,100284.51,101110.55,245707,1694,0
1762473600,2025-11-06T22:00:00+00:00,101109.81,103895.38,99249.83,103874.88,264175,1694,0
1762732800,2025-11-09T22:00:00+00:00,104586.8,106661.94,104072.87,105618.26,220048,1694,0
1762819200,2025-11-10T22:00:00+00:00,105619.39,107503.8,102479.92,102639.74,227409,1694,0
1762905600,2025-11-11T22:00:00+00:00,102639.77,105326.83,100794.76,101914.25,205386,1694,0
1762992000,2025-11-12T22:00:00+00:00,101913.59,104051.7,97991.83,98806.86,301021,1694,0
1763078400,2025-11-13T22:00:00+00:00,98806.89,100497.0,94193.72,95049.26,394360,1694,0
1763164800,2025-11-14T22:00:00+00:00,95049.93,96817.95,94000.7,95270.81,203637,1694,0
1763251200,2025-11-15T22:00:00+00:00,95270.87,96620.86,93354.53,93495.51,204255,1694,0
1763337600,2025-11-16T22:00:00+00:00,93495.75,96041.35,91290.55,91950.83,313030,1694,0
1763424000,2025-11-17T22:00:00+00:00,91950.78,93828.16,89288.58,92482.15,345743,1694,0
1763510400,2025-11-18T22:00:00+00:00,92479.06,93414.11,88600.87,90596.64,292792,1694,0
1763596800,2025-11-19T22:00:00+00:00,90596.65,93156.51,86093.88,87287.77,315592,1694,0
1763683200,2025-11-20T22:00:00+00:00,87279.15,88249.34,80630.8,85173.15,499712,1694,0
1763769600,2025-11-21T22:00:00+00:00,85172.88,85608.68,83493.72,84401.18,233559,1694,0
1763856000,2025-11-22T22:00:00+00:00,84401.28,87990.16,84264.9,87985.18,221656,1694,0
1763942400,2025-11-23T22:00:00+00:00,87984.44,89219.57,85259.62,88738.96,288601,1694,0
1764028800,2025-11-24T22:00:00+00:00,88736.65,89080.91,86102.49,87021.68,218747,1694,0
1764115200,2025-11-25T22:00:00+00:00,87021.49,90470.78,86294.16,90181.78,195189,1694,0
1764201600,2025-11-26T22:00:00+00:00,90183.59,91926.73,90081.78,91404.98,131076,1694,0
1764288000,2025-11-27T22:00:00+00:00,91408.26,93069.27,90191.16,90875.87,156691,1694,0
1764374400,2025-11-28T22:00:00+00:00,90865.8,91185.56,90149.52,91007.14,92456,1694,0
1764460800,2025-11-29T22:00:00+00:00,91002.46,91962.48,90458.72,91169.48,100949,1694,0
1764547200,2025-11-30T22:00:00+00:00,91169.39,91341.08,83812.93,86424.28,273349,1694,0
1764633600,2025-12-01T22:00:00+00:00,86424.05,92296.39,86176.81,91556.18,232720,1694,0
1764720000,2025-12-02T22:00:00+00:00,91555.85,93947.4,90985.31,93689.04,261932,1694,0
1764806400,2025-12-03T22:00:00+00:00,93689.07,94157.95,90872.44,92148.62,231916,1694,0
1764892800,2025-12-04T22:00:00+00:00,92148.7,92683.51,88075.08,89172.58,257169,1694,0
1764979200,2025-12-05T22:00:00+00:00,89172.72,90276.9,88896.0,89411.54,157837,1694,0
1765065600,2025-12-06T22:00:00+00:00,89411.49,91752.97,87714.69,90223.74,170706,1694,0
1765152000,2025-12-07T22:00:00+00:00,90223.71,92280.54,88973.07,91293.46,244074,1694,0
1765238400,2025-12-08T22:00:00+00:00,91293.41,94593.88,89513.82,92632.5,228899,1694,0
1765324800,2025-12-09T22:00:00+00:00,92632.42,94468.49,91553.92,92345.73,220654,1694,0
1765411200,2025-12-10T22:00:00+00:00,92345.73,93554.71,89254.58,92853.2,254165,1694,0
1765497600,2025-12-11T22:00:00+00:00,92853.21,93191.07,89467.82,90181.73,201211,1694,0
1765584000,2025-12-12T22:00:00+00:00,90180.62,90630.19,89753.22,90171.61,100667,1694,0
1765670400,2025-12-13T22:00:00+00:00,90158.12,90468.75,88334.03,88435.78,164867,1694,0
1765756800,2025-12-14T22:00:00+00:00,88446.54,90017.81,85149.06,86219.51,249274,1694,0
1765843200,2025-12-15T22:00:00+00:00,86228.37,88167.99,85256.28,87758.09,253520,1694,0
1765929600,2025-12-16T22:00:00+00:00,87758.11,90349.77,85306.21,85973.83,259838,1694,0
1766016000,2025-12-17T22:00:00+00:00,85976.56,89471.7,84445.1,85623.26,287858,1694,0
1766102400,2025-12-18T22:00:00+00:00,85622.67,89397.31,85103.95,87827.0,261896,1694,0
1766188800,2025-12-19T22:00:00+00:00,88313.09,88436.58,87795.62,88203.07,57812,1794,0
1766275200,2025-12-20T22:00:00+00:00,88206.65,89074.6,87584.04,88150.87,112154,1794,0
1766361600,2025-12-21T22:00:00+00:00,88151.94,90588.65,87889.75,88266.57,219367,1794,0
1766448000,2025-12-22T22:00:00+00:00,88265.76,88930.65,86585.88,87710.22,176248,1794,0
1766534400,2025-12-23T22:00:00+00:00,87708.93,87830.22,86402.7,87687.69,131598,1794,0
1766620800,2025-12-24T22:00:00+00:00,87687.69,88588.77,87244.26,87892.11,87131,1794,0
1766707200,2025-12-25T22:00:00+00:00,87892.3,89551.38,86647.16,87460.16,169995,1794,0
1766793600,2025-12-26T22:00:00+00:00,87458.82,87697.38,87237.0,87660.46,65179,1794,0
1766880000,2025-12-27T22:00:00+00:00,87660.16,88082.89,87429.29,87576.69,63816,1794,0
1766966400,2025-12-28T22:00:00+00:00,87575.89,90397.73,86796.51,87328.82,166202,1794,0
1767052800,2025-12-29T22:00:00+00:00,87328.85,89393.49,86819.83,88275.16,133381,1794,0
1767139200,2025-12-30T22:00:00+00:00,88276.69,89207.97,87240.51,87787.56,110453,1794,0
1767225600,2025-12-31T22:00:00+00:00,87787.59,88502.27,87543.56,88376.99,80448,1794,0
